publish_date,product_code,product_name,reporting_round,reference_period,forms,published_at,responsible_agency,product_url
1900-01-01,AM0201,Kortperiodisk sysselsättningsstatistik,,2:a kvartalet 2003,Publikation,Statistiska centralbyrån,Statistiska centralbyrån,https://www.scb.se/AM0201
1980-01-02,PR0701,Konjunkturbarometern Hushåll,,1978,Publikation,Statistiska centralbyrån,Konjunkturinstitutet,https://www.scb.se/PR0701
1984-01-02,MI0803,Markanvändningen i Sverige,,1983,Publikation,Statistiska centralbyrån,Statistiska centralbyrån,https://www.scb.se/MI0803
1985-08-16,MI0810,Tätorter och småorter,,1980,Publikation,Statistiska centralbyrån,Statistiska centralbyrån,https://www.scb.se/MI0810
1986-06-05,OV9999,"Övriga publikationer, ej statistik",,1952-1986,Publikation,Statistiska centralbyrån,Statistiska centralbyrån,https://www.scb.se/OV9999
1987-01-02,PR0701,Konjunkturbarometern Hushåll,,1985,Publikation,Statistiska centralbyrån,Konjunkturinstitutet,https://www.scb.se/PR0701
1987-02-18,MI0810,Tätorter och småorter,,1970-1980,Publikation,Statistiska centralbyrån,Statistiska centralbyrån,https://www.scb.se/MI0810
1990-01-02,PR0701,Konjunkturbarometern Hushåll,,1988,Publikation,Statistiska centralbyrån,Konjunkturinstitutet,https://www.scb.se/PR0701
1990-04-27,MI0603,Skyddad natur,,1997,Publikation,Statistiska centralbyrån,Statistiska centralbyrån,https://www.scb.se/MI0603
1992-02-16,MI0810,Tätorter och småorter,,1990,Publikation,Statistiska centralbyrån,Statistiska centralbyrån,https://www.scb.se/MI0810
1992-04-16,MI0810,Tätorter och småorter,,1980-1990,Publikation,Statistiska centralbyrån,Statistiska centralbyrån,https://www.scb.se/MI0810
1992-09-01,LE0103,Tidsundersökningar,,1990-1991,Publikation,Statistiska centralbyrån,Statistiska centralbyrån,https://www.scb.se/LE0103
1992-09-30,OV9999,"Övriga publikationer, ej statistik",,1992,Publikation,Statistiska centralbyrån,Statistiska centralbyrån,https://www.scb.se/OV9999
1992-10-01,LE0103,Tidsundersökningar,,1990-1991,Publikation,Statistiska centralbyrån,Statistiska centralbyrån,https://www.scb.se/LE0103
1992-10-28,MI0603,Skyddad natur,,1991,Publikation,Statistiska centralbyrån,Statistiska centralbyrån,https://www.scb.se/MI0603
1992-12-31,OV9999,"Övriga publikationer, ej statistik",,1992,Publikation,Statistiska centralbyrån,Statistiska centralbyrån,https://www.scb.se/OV9999
1993-04-29,MI0603,Skyddad natur,,1992,Publikation,Statistiska centralbyrån,Statistiska centralbyrån,https://www.scb.se/MI0603
1993-05-03,OV9999,"Övriga publikationer, ej statistik",,1993,Publikation,Statistiska centralbyrån,Statistiska centralbyrån,https://www.scb.se/OV9999
1993-05-12,MI0805,Grönytor i och omkring tätorter,,1992,Publikation,Statistiska centralbyrån,Statistiska centralbyrån,https://www.scb.se/MI0805
1993-06-30,MI0803,Markanvändningen i Sverige,,1993,Publikation,Statistiska centralbyrån,Statistiska centralbyrån,https://www.scb.se/MI0803
1993-12-10,MI0603,Skyddad natur,,1993,Publikation,Statistiska centralbyrån,Statistiska centralbyrån,https://www.scb.se/MI0603
1994-01-03,PR0701,Konjunkturbarometern Hushåll,,1992,Publikation,Statistiska centralbyrån,Konjunkturinstitutet,https://www.scb.se/PR0701
1994-11-04,MI0603,Skyddad natur,,1994,Publikation,Statistiska centralbyrån,Statistiska centralbyrån,https://www.scb.se/MI0603
1995-01-03,MI0805,Grönytor i och omkring tätorter,,1993,Publikation,Statistiska centralbyrån,Statistiska centralbyrån,https://www.scb.se/MI0805
1995-04-11,MI0811,"Småorter; arealer, befolkning",,1990,Publikation,Statistiska centralbyrån,Statistiska centralbyrån,https://www.scb.se/MI0811
1995-11-09,MI0603,Skyddad natur,,1995,Publikation,Statistiska centralbyrån,Statistiska centralbyrån,https://www.scb.se/MI0603
1995-12-31,MI1301,Miljöräkenskaper,,1992-2003,Publikation,Statistiska centralbyrån,Statistiska centralbyrån,https://www.scb.se/MI1301
1996-01-01,OV9999,"Övriga publikationer, ej statistik",,1996,Publikation,Statistiska centralbyrån,Statistiska centralbyrån,https://www.scb.se/OV9999
1996-01-02,LE0101,Undersökningarna av levnadsförhållanden,,1978-1994,Publikation,Statistiska centralbyrån,Statistiska centralbyrån,https://www.scb.se/LE0101
1996-08-20,OV9999,"Övriga publikationer, ej statistik",,1996,Publikation,Statistiska centralbyrån,Statistiska centralbyrån,https://www.scb.se/OV9999
1996-12-05,MI0810,Tätorter och småorter,,1995,Publikation,Statistiska centralbyrån,Statistiska centralbyrån,https://www.scb.se/MI0810
1996-12-13,LE0201,Jämställdhetsstatistik,,2002,Publikation,Statistiska centralbyrån,Statistiska centralbyrån,https://www.scb.se/LE0201
1996-12-31,MI1301,Miljöräkenskaper,,1991,Publikation,Statistiska centralbyrån,Statistiska centralbyrån,https://www.scb.se/MI1301
1997-01-01,ME0115,"Folkomröstningar, valundersökningen",,1994,Publikation,Statistiska centralbyrån,Statistiska centralbyrån,https://www.scb.se/ME0115
1997-01-02,PR0701,Konjunkturbarometern Hushåll,,1995,Publikation,Statistiska centralbyrån,Konjunkturinstitutet,https://www.scb.se/PR0701
1997-05-26,OV9999,"Övriga publikationer, ej statistik",,2000-2002,Publikation,Statistiska centralbyrån,Statistiska centralbyrån,https://www.scb.se/OV9999
1997-06-30,MI0811,"Småorter; arealer, befolkning",,1995,Publikation,Statistiska centralbyrån,Statistiska centralbyrån,https://www.scb.se/MI0811
1997-09-24,MI0603,Skyddad natur,,1996,Publikation,Statistiska centralbyrån,Statistiska centralbyrån,https://www.scb.se/MI0603
1998-01-02,PR0701,Konjunkturbarometern Hushåll,,1996,Publikation,Statistiska centralbyrån,Konjunkturinstitutet,https://www.scb.se/PR0701
1998-03-01,MI0206,Statistik för avrinningsområden,,1995,Publikation,Statistiska centralbyrån,Statistiska centralbyrån,https://www.scb.se/MI0206
1998-05-25,UF0315,Innovation i företagssektorn,,1994-1996,Publikation,Statistiska centralbyrån,Statistiska centralbyrån,https://www.scb.se/UF0315
1998-08-06,OV9999,"Övriga publikationer, ej statistik",,1998,Publikation,Statistiska centralbyrån,Statistiska centralbyrån,https://www.scb.se/OV9999
1998-08-31,LE0101,Undersökningarna av levnadsförhållanden,,1994-1995,Publikation,Statistiska centralbyrån,Statistiska centralbyrån,https://www.scb.se/LE0101
1998-08-31,OV9999,"Övriga publikationer, ej statistik",,1998,Publikation,Statistiska centralbyrån,Statistiska centralbyrån,https://www.scb.se/OV9999
1998-12-09,MI1303,Indikatorer för hållbar utveckling,,1998,Publikation,Statistiska centralbyrån,Statistiska centralbyrån,https://www.scb.se/MI1303
1998-12-22,MI0803,Markanvändningen i Sverige,,1998,Publikation,Statistiska centralbyrån,Statistiska centralbyrån,https://www.scb.se/MI0803
1999-02-26,OV9999,"Övriga publikationer, ej statistik",,1998,Publikation,Statistiska centralbyrån,Statistiska centralbyrån,https://www.scb.se/OV9999
1999-03-29,MI1301,Miljöräkenskaper,,1999,Publikation | Publikation | Publikation,Statistiska centralbyrån,Statistiska centralbyrån,https://www.scb.se/MI1301
1999-05-25,JO1901,Allmän jordbruksstatistik,,1999,Publikation,Statistiska centralbyrån,Statens jordbruksverk,https://www.scb.se/JO1901
1999-06-14,NV1304,"Nystartade företag, år",,1997-1998,Publikation,Statistiska centralbyrån,Myndigheten för tillväxtpolitiska utvärderingar och analyser,https://www.scb.se/NV1304
1999-06-30,MI0812,Strandnära markanvändning,,2000,Publikation,Statistiska centralbyrån,Statistiska centralbyrån,https://www.scb.se/MI0812
1999-10-29,MI0902,Vattenuttag och vattenanvändning i Sverige,,1995,Publikation,Statistiska centralbyrån,Statistiska centralbyrån,https://www.scb.se/MI0902
1999-11-11,BE0000,Befolkning allmän statistik,,1999,Publikation,Statistiska centralbyrån,Statistiska centralbyrån,https://www.scb.se/BE0000
2000-02-01,MI1301,Miljöräkenskaper,,1999,Publikation,Statistiska centralbyrån,Statistiska centralbyrån,https://www.scb.se/MI1301
2000-02-24,LE0001,"Välfärd - SCB:s tidskrift om arbetsliv, demografi och välfärd",,1:a kvartalet 2000,Publikation,Statistiska centralbyrån,Statistiska centralbyrån,https://www.scb.se/LE0001
2000-03-08,MI1301,Miljöräkenskaper,,1997,Publikation,Statistiska centralbyrån,Statistiska centralbyrån,https://www.scb.se/MI1301
2000-03-28,MI1301,Miljöräkenskaper,,1993,Publikation,Statistiska centralbyrån,Statistiska centralbyrån,https://www.scb.se/MI1301
2000-03-28,MI1301,Miljöräkenskaper,,1995,Publikation,Statistiska centralbyrån,Statistiska centralbyrån,https://www.scb.se/MI1301
2000-03-28,MI1301,Miljöräkenskaper,,2000,Publikation,Statistiska centralbyrån,Statistiska centralbyrån,https://www.scb.se/MI1301
2000-04-02,OV9999,"Övriga publikationer, ej statistik",,2000,Publikation,Statistiska centralbyrån,Statistiska centralbyrån,https://www.scb.se/OV9999
2000-04-07,MI1301,Miljöräkenskaper,,1991-1997,Publikation,Statistiska centralbyrån,Statistiska centralbyrån,https://www.scb.se/MI1301
2000-04-07,MI1301,Miljöräkenskaper,,1993,Publikation | Publikation,Statistiska centralbyrån,Statistiska centralbyrån,https://www.scb.se/MI1301
2000-04-11,MI1301,Miljöräkenskaper,,1990-1997,Publikation,Statistiska centralbyrån,Statistiska centralbyrån,https://www.scb.se/MI1301
2000-04-27,MI1301,Miljöräkenskaper,,1993,Publikation,Statistiska centralbyrån,Statistiska centralbyrån,https://www.scb.se/MI1301
2000-05-09,MI1301,Miljöräkenskaper,,2000,Publikation,Statistiska centralbyrån,Statistiska centralbyrån,https://www.scb.se/MI1301
2000-06-08,UF0506,Befolkningens utbildning,,1999,Publikation,Statistiska centralbyrån,Statistiska centralbyrån,https://www.scb.se/UF0506
2000-06-20,NV1304,"Nystartade företag, år",,1998-1999,Publikation,Statistiska centralbyrån,Myndigheten för tillväxtpolitiska utvärderingar och analyser,https://www.scb.se/NV1304
2000-06-29,MI1301,Miljöräkenskaper,,2000,Publikation,Statistiska centralbyrån,Statistiska centralbyrån,https://www.scb.se/MI1301
2000-07-12,MI0603,Skyddad natur,,1998,Publikation,Statistiska centralbyrån,Statistiska centralbyrån,https://www.scb.se/MI0603
2000-07-13,MI1301,Miljöräkenskaper,,2000,Publikation,Statistiska centralbyrån,Statistiska centralbyrån,https://www.scb.se/MI1301
2000-08-22,MI1301,Miljöräkenskaper,,1987-1997,Publikation,Statistiska centralbyrån,Statistiska centralbyrån,https://www.scb.se/MI1301
2000-08-30,MI0000,Miljö allmän statistik,,2000,Publikation,Statistiska centralbyrån,Statistiska centralbyrån,https://www.scb.se/MI0000
2000-09-08,NV0801,Investeringsenkäten,,2000,Publikation,Statistiska centralbyrån,Statistiska centralbyrån,https://www.scb.se/NV0801
2000-09-18,LE0001,"Välfärd - SCB:s tidskrift om arbetsliv, demografi och välfärd",,3:e kvartalet 2000,Publikation,Statistiska centralbyrån,Statistiska centralbyrån,https://www.scb.se/LE0001
2000-09-19,LE0202,På tal om kvinnor och män. Lathund om jämställdhet,,2000,Publikation,Statistiska centralbyrån,Statistiska centralbyrån,https://www.scb.se/LE0202
2000-10-13,JO0102,Trädgårdssektorn,,1999,Publikation,Statistiska centralbyrån,Statens jordbruksverk,https://www.scb.se/JO0102
2000-10-25,BO0406,Hyror i bostadslägenheter,,1999,Publikation,Statistiska centralbyrån,Statistiska centralbyrån,https://www.scb.se/BO0406
2000-10-27,NV0109,Företagens ekonomi,,1998,Publikation,Statistiska centralbyrån,Statistiska centralbyrån,https://www.scb.se/NV0109
2000-10-30,LE0101,Undersökningarna av levnadsförhållanden,,2000-2002,Publikation,Statistiska centralbyrån,Statistiska centralbyrån,https://www.scb.se/LE0101
2000-11-02,MI1301,Miljöräkenskaper,,2000,Publikation,Statistiska centralbyrån,Statistiska centralbyrån,https://www.scb.se/MI1301
2000-11-03,MI1301,Miljöräkenskaper,,1999,Publikation | Publikation,Statistiska centralbyrån,Statistiska centralbyrån,https://www.scb.se/MI1301
2000-11-07,MI0504,Miljö- och hälsofarliga kemikalier,,1998,Publikation,Statistiska centralbyrån,Kemikalieinspektionen,https://www.scb.se/MI0504
2000-11-15,JO1901,Allmän jordbruksstatistik,,2000,Publikation,Statistiska centralbyrån,Statens jordbruksverk,https://www.scb.se/JO1901
2000-12-04,LE0001,"Välfärd - SCB:s tidskrift om arbetsliv, demografi och välfärd",,4:e kvartalet 2000,Publikation,Statistiska centralbyrån,Statistiska centralbyrån,https://www.scb.se/LE0001
2000-12-07,ME0201,Partisympatiundersökningen,,2:a halvåret 2000,Publikation,Statistiska centralbyrån,Statistiska centralbyrån,https://www.scb.se/ME0201
2000-12-12,ME0201,Partisympatiundersökningen,,2:a halvåret 2000,Publikation,Statistiska centralbyrån,Statistiska centralbyrån,https://www.scb.se/ME0201
2000-12-14,UF0211,Svensk och utländsk bakgrund för studenter och doktorander på universitet och högskolor,,Läsår 2012/13,Publikation,Statistiska centralbyrån,Universitetskanslersämbetet,https://www.scb.se/UF0211
2000-12-18,MI0103,Utsläpp till luft av ammoniak i Sverige,,1999,Publikation,Statistiska centralbyrån,Naturvårdsverket,https://www.scb.se/MI0103
2000-12-19,UF0212,Högskolenybörjare och doktorandnybörjare efter föräldrarnas utbildningsnivå,,Läsår 2013/14,Publikation,Statistiska centralbyrån,Universitetskanslersämbetet,https://www.scb.se/UF0212
2000-12-20,MI0603,Skyddad natur,,1999,Publikation,Statistiska centralbyrån,Statistiska centralbyrån,https://www.scb.se/MI0603
2000-12-28,JO0401,Sysselsättning i jordbruket,,1999,Publikation,Statistiska centralbyrån,Statens jordbruksverk,https://www.scb.se/JO0401
2001-01-04,BE0701,Demografisk analys,,2000-2002,Publikation,Statistiska centralbyrån,Statistiska centralbyrån,https://www.scb.se/BE0701
2001-01-22,BO0601,Fastighetstaxeringar,,2000,Publikation,Statistiska centralbyrån,Statistiska centralbyrån,https://www.scb.se/BO0601
2001-01-26,UF0301,Forskning och utveckling i Sverige,,2001,Publikation,Statistiska centralbyrån,Statistiska centralbyrån,https://www.scb.se/UF0301
2001-01-29,EN0201,Kvartalsvisa energibalanser,,3:e kvartalet 2000,Publikation,Statistiska centralbyrån,Statens energimyndighet,https://www.scb.se/EN0201
2001-01-30,UF0521,Analyser om utbildning och arbetsmarknad,,2000-2002,Publikation,Statistiska centralbyrån,Statistiska centralbyrån,https://www.scb.se/UF0521
2001-01-31,NV0116,It-användning i företag,,2001,Publikation,Statistiska centralbyrån,Statistiska centralbyrån,https://www.scb.se/NV0116
2001-01-31,UF0521,Analyser om utbildning och arbetsmarknad,,2001,Publikation,Statistiska centralbyrån,Statistiska centralbyrån,https://www.scb.se/UF0521
2001-02-07,EN0202,Årliga energibalanser,,1998-1999,Publikation,Statistiska centralbyrån,Statens energimyndighet,https://www.scb.se/EN0202
2001-02-15,UF0301,Forskning och utveckling i Sverige,,2001,Publikation,Statistiska centralbyrån,Statistiska centralbyrån,https://www.scb.se/UF0301
2001-02-23,UF0301,Forskning och utveckling i Sverige,,2001,Publikation,Statistiska centralbyrån,Statistiska centralbyrån,https://www.scb.se/UF0301
2001-02-28,LE0101,Undersökningarna av levnadsförhållanden,,1975-1999,Publikation,Statistiska centralbyrån,Statistiska centralbyrån,https://www.scb.se/LE0101
2001-03-01,LE0001,"Välfärd - SCB:s tidskrift om arbetsliv, demografi och välfärd",,1:a kvartalet 2001,Publikation,Statistiska centralbyrån,Statistiska centralbyrån,https://www.scb.se/LE0001
2001-03-21,BE0701,Demografisk analys,,2001,Publikation,Statistiska centralbyrån,Statistiska centralbyrån,https://www.scb.se/BE0701
2001-03-27,EN0105,"Årlig energistatistik (el, gas och fjärrvärme)",,1999,Publikation,Statistiska centralbyrån,Statens energimyndighet,https://www.scb.se/EN0105
2001-03-30,UF0521,Analyser om utbildning och arbetsmarknad,,2001,Publikation,Statistiska centralbyrån,Statistiska centralbyrån,https://www.scb.se/UF0521
2001-04-21,EN0106,Kvartalsvis bränslestatistik,,4:e kvartalet 2000,Publikation,Statistiska centralbyrån,Statens energimyndighet,https://www.scb.se/EN0106
2001-04-23,AM9999,Arbetsmarknad övrigt,,2000-2002,Publikation,Statistiska centralbyrån,Statistiska centralbyrån,https://www.scb.se/AM9999
2001-04-24,EN0201,Kvartalsvisa energibalanser,,4:e kvartalet 2000,Publikation,Statistiska centralbyrån,Statens energimyndighet,https://www.scb.se/EN0201
2001-04-30,UF0521,Analyser om utbildning och arbetsmarknad,,2001,Publikation,Statistiska centralbyrån,Statistiska centralbyrån,https://www.scb.se/UF0521
2001-05-03,MI0504,Miljö- och hälsofarliga kemikalier,,1999,Publikation,Statistiska centralbyrån,Kemikalieinspektionen,https://www.scb.se/MI0504
2001-05-03,MI1301,Miljöräkenskaper,,1995-2001,Publikation,Statistiska centralbyrån,Statistiska centralbyrån,https://www.scb.se/MI1301
2001-05-15,UF0205,Studenter och examinerade i högskoleutbildning på grundnivå och avancerad nivå,,2000-2002,Publikation,Statistiska centralbyrån,Universitetskanslersämbetet,https://www.scb.se/UF0205
2001-05-16,MI0812,Strandnära markanvändning,,2000,Publikation,Statistiska centralbyrån,Statistiska centralbyrån,https://www.scb.se/MI0812
2001-05-29,AM0701,Konjunkturstatistik över vakanser,,1:a kvartalet 2001,Publikation,Statistiska centralbyrån,Statistiska centralbyrån,https://www.scb.se/AM0701
2001-05-30,UF0306,Statliga anslag till forskning och utveckling,,2000-2002,Publikation,Statistiska centralbyrån,Statistiska centralbyrån,https://www.scb.se/UF0306
2001-06-01,EN0301,Elpriser och elavtal,,2000-2001,Publikation,Statistiska centralbyrån,Statens energimyndighet,https://www.scb.se/EN0301
2001-06-01,LE0001,"Välfärd - SCB:s tidskrift om arbetsliv, demografi och välfärd",,2:a kvartalet 2001,Publikation,Statistiska centralbyrån,Statistiska centralbyrån,https://www.scb.se/LE0001
2001-06-07,ME0201,Partisympatiundersökningen,,1:a halvåret 2001,Publikation,Statistiska centralbyrån,Statistiska centralbyrån,https://www.scb.se/ME0201
2001-06-08,UF0301,Forskning och utveckling i Sverige,,2000-2002,Publikation,Statistiska centralbyrån,Statistiska centralbyrån,https://www.scb.se/UF0301
2001-06-15,MI1302,Miljöskyddskostnader,,1999-2000,Publikation,Statistiska centralbyrån,Statistiska centralbyrån,https://www.scb.se/MI1302
2001-06-19,AM0206,"Lönesummor, arbetsgivaravgifter och preliminär A-skatt",,1:a kvartalet 2001,Publikation,Statistiska centralbyrån,Statistiska centralbyrån,https://www.scb.se/AM0206
2001-06-21,AM0201,Kortperiodisk sysselsättningsstatistik,,1:a kvartalet 2001,Publikation,Statistiska centralbyrån,Statistiska centralbyrån,https://www.scb.se/AM0201
2001-06-25,AM9999,Arbetsmarknad övrigt,,4:e kvartalet 2000,Publikation,Statistiska centralbyrån,Statistiska centralbyrån,https://www.scb.se/AM9999
2001-06-27,MI1301,Miljöräkenskaper,,1993-1998,Publikation,Statistiska centralbyrån,Statistiska centralbyrån,https://www.scb.se/MI1301
2001-06-28,UF0204,Doktorander och examina i högskoleutbildning på forskarnivå,,2000-2002,Publikation,Statistiska centralbyrån,Universitetskanslersämbetet,https://www.scb.se/UF0204
2001-06-30,ME0201,Partisympatiundersökningen,,1:a halvåret 2001,Publikation,Statistiska centralbyrån,Statistiska centralbyrån,https://www.scb.se/ME0201
2001-06-30,UF0202,Personal vid universitet och högskolor,,2000-2002,Publikation,Statistiska centralbyrån,Universitetskanslersämbetet,https://www.scb.se/UF0202
2001-07-09,BO0501,Fastighetspriser och lagfarter,,2000,Publikation,Statistiska centralbyrån,Statistiska centralbyrån,https://www.scb.se/BO0501
2001-07-10,EN0106,Kvartalsvis bränslestatistik,,1:a kvartalet 2001,Publikation,Statistiska centralbyrån,Statens energimyndighet,https://www.scb.se/EN0106
2001-07-10,EN0201,Kvartalsvisa energibalanser,,1:a kvartalet 2001,Publikation,Statistiska centralbyrån,Statens energimyndighet,https://www.scb.se/EN0201
2001-07-25,NV0801,Investeringsenkäten,,2001,Publikation,Statistiska centralbyrån,Statistiska centralbyrån,https://www.scb.se/NV0801
2001-08-03,NV0109,Företagens ekonomi,,1999,Publikation,Statistiska centralbyrån,Statistiska centralbyrån,https://www.scb.se/NV0109
2001-08-03,NV0120,Branschundersökningar inom tjänstesektorn,,1999,Publikation | Publikation,Statistiska centralbyrån,Statistiska centralbyrån,https://www.scb.se/NV0120
2001-08-20,BO0601,Fastighetstaxeringar,,2000,Publikation,Statistiska centralbyrån,Statistiska centralbyrån,https://www.scb.se/BO0601
2001-08-31,AM0201,Kortperiodisk sysselsättningsstatistik,,2:a kvartalet 2001,Publikation,Statistiska centralbyrån,Statistiska centralbyrån,https://www.scb.se/AM0201
2001-09-05,AM0701,Konjunkturstatistik över vakanser,,2:a kvartalet 2001,Publikation,Statistiska centralbyrån,Statistiska centralbyrån,https://www.scb.se/AM0701
2001-09-10,OV9999,"Övriga publikationer, ej statistik",,2001,Publikation,Statistiska centralbyrån,Statistiska centralbyrån,https://www.scb.se/OV9999
2001-09-17,AM0206,"Lönesummor, arbetsgivaravgifter och preliminär A-skatt",,2:a kvartalet 2001,Publikation,Statistiska centralbyrån,Statistiska centralbyrån,https://www.scb.se/AM0206
2001-09-21,EN0102,Energistatistik för småhus,,2000,Publikation,Statistiska centralbyrån,Statens energimyndighet,https://www.scb.se/EN0102
2001-09-25,BO0406,Hyror i bostadslägenheter,,2000,Publikation,Statistiska centralbyrån,Statistiska centralbyrån,https://www.scb.se/BO0406
2001-09-25,MI1301,Miljöräkenskaper,,1993-2000,Publikation,Statistiska centralbyrån,Statistiska centralbyrån,https://www.scb.se/MI1301
2001-09-25,MI1301,Miljöräkenskaper,,2000,Publikation,Statistiska centralbyrån,Statistiska centralbyrån,https://www.scb.se/MI1301
2001-09-26,MI1301,Miljöräkenskaper,,1991-1994,Publikation,Statistiska centralbyrån,Statistiska centralbyrån,https://www.scb.se/MI1301
2001-09-27,AM9999,Arbetsmarknad övrigt,,2001,Publikation,Statistiska centralbyrån,Statistiska centralbyrån,https://www.scb.se/AM9999
2001-09-28,EN0101,Energistatistik för flerbostadshus,,2000,Publikation,Statistiska centralbyrån,Statens energimyndighet,https://www.scb.se/EN0101
2001-09-28,HE0103,Hushållens ekonomi,,1999,Publikation,Statistiska centralbyrån,Statistiska centralbyrån,https://www.scb.se/HE0103
2001-10-01,LE0001,"Välfärd - SCB:s tidskrift om arbetsliv, demografi och välfärd",,3:e kvartalet 2001,Publikation,Statistiska centralbyrån,Statistiska centralbyrån,https://www.scb.se/LE0001
2001-10-01,MI0809,Torv,,2000,Publikation,Statistiska centralbyrån,Statistiska centralbyrån,https://www.scb.se/MI0809
2001-10-03,JO0106,Företag och företagare i jordbruket,,2000,Publikation,Statistiska centralbyrån,Statens jordbruksverk,https://www.scb.se/JO0106
2001-10-06,AM0207,Registerbaserad arbetsmarknadsstatistik,,1999,Publikation,Statistiska centralbyrån,Statistiska centralbyrån,https://www.scb.se/AM0207
2001-10-10,EN0106,Kvartalsvis bränslestatistik,,2:a kvartalet 2001,Publikation,Statistiska centralbyrån,Statens energimyndighet,https://www.scb.se/EN0106
2001-10-31,EN0103,Energistatistik för lokaler,,2000,Publikation,Statistiska centralbyrån,Statens energimyndighet,https://www.scb.se/EN0103
2001-11-05,BO0406,Hyror i bostadslägenheter,,1999,Publikation,Statistiska centralbyrån,Statistiska centralbyrån,https://www.scb.se/BO0406
2001-11-08,AM0110,"Lönestrukturstatistik, hela ekonomin",,2000,Publikation,Statistiska centralbyrån,Medlingsinstitutet,https://www.scb.se/AM0110
2001-11-09,UF0506,Befolkningens utbildning,,2000-2002,Publikation,Statistiska centralbyrån,Statistiska centralbyrån,https://www.scb.se/UF0506
2001-11-13,MI1301,Miljöräkenskaper,,1996-1999,Publikation,Statistiska centralbyrån,Statistiska centralbyrån,https://www.scb.se/MI1301
2001-11-15,AM0201,Kortperiodisk sysselsättningsstatistik,,3:e kvartalet 2001,Publikation,Statistiska centralbyrån,Statistiska centralbyrån,https://www.scb.se/AM0201
2001-11-15,BO0303,Outhyrda bostadslägenheter i flerbostadshus,,2:a halvåret 2001,Publikation,Statistiska centralbyrån,Statistiska centralbyrån,https://www.scb.se/BO0303
2001-11-15,MI1301,Miljöräkenskaper,,2001,Publikation,Statistiska centralbyrån,Statistiska centralbyrån,https://www.scb.se/MI1301
2001-11-16,JO0601,"Skörd av spannmål, trindsäd och oljeväxter",,2001,Publikation,Statistiska centralbyrån,Statens jordbruksverk,https://www.scb.se/JO0601
2001-11-20,EN0102,Energistatistik för småhus,,2000-2002,Publikation,Statistiska centralbyrån,Statens energimyndighet,https://www.scb.se/EN0102
2001-11-23,OV9999,"Övriga publikationer, ej statistik",,2001,Publikation,Statistiska centralbyrån,Statistiska centralbyrån,https://www.scb.se/OV9999
2001-11-26,NV0120,Branschundersökningar inom tjänstesektorn,,1999,Publikation,Statistiska centralbyrån,Statistiska centralbyrån,https://www.scb.se/NV0120
2001-11-27,AM0206,"Lönesummor, arbetsgivaravgifter och preliminär A-skatt",,3:e kvartalet 2001,Publikation,Statistiska centralbyrån,Statistiska centralbyrån,https://www.scb.se/AM0206
2001-11-29,JO0103,Lantbrukets djur i juni,,2001,Publikation,Statistiska centralbyrån,Statens jordbruksverk,https://www.scb.se/JO0103
2001-11-30,JO0110,Höstsådda arealer,,2001,Publikation,Statistiska centralbyrån,Statens jordbruksverk,https://www.scb.se/JO0110
2001-12-01,LE0001,"Välfärd - SCB:s tidskrift om arbetsliv, demografi och välfärd",,4:e kvartalet 2001,Publikation,Statistiska centralbyrån,Statistiska centralbyrån,https://www.scb.se/LE0001
2001-12-03,OV9999,"Övriga publikationer, ej statistik",,2001,Publikation,Statistiska centralbyrån,Statistiska centralbyrån,https://www.scb.se/OV9999
2001-12-05,OV9999,"Övriga publikationer, ej statistik",,2003,Publikation,Statistiska centralbyrån,Statistiska centralbyrån,https://www.scb.se/OV9999
2001-12-05,UF0505,Arbetskraftsbarometern,,2001,Publikation,Statistiska centralbyrån,Statistiska centralbyrån,https://www.scb.se/UF0505
2001-12-07,MI0806,Fritidshusområden,,2000,Publikation,Statistiska centralbyrån,Statistiska centralbyrån,https://www.scb.se/MI0806
2001-12-11,ME0201,Partisympatiundersökningen,,2:a halvåret 2001,Publikation,Statistiska centralbyrån,Statistiska centralbyrån,https://www.scb.se/ME0201
2001-12-11,UF0205,Studenter och examinerade i högskoleutbildning på grundnivå och avancerad nivå,,2000-2002,Publikation,Statistiska centralbyrån,Universitetskanslersämbetet,https://www.scb.se/UF0205
2001-12-13,ME0201,Partisympatiundersökningen,,2:a halvåret 2001,Publikation,Statistiska centralbyrån,Statistiska centralbyrån,https://www.scb.se/ME0201
2001-12-13,OV9999,"Övriga publikationer, ej statistik",,2001,Publikation,Statistiska centralbyrån,Statistiska centralbyrån,https://www.scb.se/OV9999
2001-12-14,UF0206,Sökande och antagna till högskoleutbildning på grundnivå och avancerad nivå,,2000-2002,Publikation,Statistiska centralbyrån,Universitetskanslersämbetet,https://www.scb.se/UF0206
2001-12-17,BE0701,Demografisk analys,,2001,Publikation,Statistiska centralbyrån,Statistiska centralbyrån,https://www.scb.se/BE0701
2001-12-17,OV9999,"Övriga publikationer, ej statistik",,2001,Publikation,Statistiska centralbyrån,Statistiska centralbyrån,https://www.scb.se/OV9999
2001-12-18,MI0902,Vattenuttag och vattenanvändning i Sverige,,2000,Publikation,Statistiska centralbyrån,Statistiska centralbyrån,https://www.scb.se/MI0902
2001-12-19,JO0601,"Skörd av spannmål, trindsäd och oljeväxter",,2001,Publikation,Statistiska centralbyrån,Statens jordbruksverk,https://www.scb.se/JO0601
2001-12-20,BO0601,Fastighetstaxeringar,,2001,Publikation,Statistiska centralbyrån,Statistiska centralbyrån,https://www.scb.se/BO0601
2001-12-21,UF0306,Statliga anslag till forskning och utveckling,,2000-2002,Publikation,Statistiska centralbyrån,Statistiska centralbyrån,https://www.scb.se/UF0306
2001-12-28,MI0603,Skyddad natur,,2000,Publikation,Statistiska centralbyrån,Statistiska centralbyrån,https://www.scb.se/MI0603
2002-01-01,OV9999,"Övriga publikationer, ej statistik",,2002,Publikation,Statistiska centralbyrån,Statistiska centralbyrån,https://www.scb.se/OV9999
2002-01-03,AM0108,"Konjunkturstatistik, löner för kommuner",,Oktober 2001,Publikation,Statistiska centralbyrån,Medlingsinstitutet,https://www.scb.se/AM0108
2002-01-03,OV0904,Statistisk årsbok,,2002,Publikation,Statistiska centralbyrån,Statistiska centralbyrån,https://www.scb.se/OV0904
2002-01-07,AM0101,"Konjunkturstatistik, löner för privat sektor",,Oktober 2001,Publikation,Statistiska centralbyrån,Medlingsinstitutet,https://www.scb.se/AM0101
2002-01-07,AM0102,"Konjunkturstatistik, löner för statlig sektor",,Oktober 2001,Publikation,Statistiska centralbyrån,Medlingsinstitutet,https://www.scb.se/AM0102
2002-01-09,AM0118,Konjunkturlöner för privat och offentlig sektor,,Oktober 2001,Publikation,Statistiska centralbyrån,Medlingsinstitutet,https://www.scb.se/AM0118
2002-01-09,AM0301,Arbetskostnadsindex för arbetare och tjänstemän inom privat sektor,,Oktober 2001,Publikation,Statistiska centralbyrån,Statistiska centralbyrån,https://www.scb.se/AM0301
2002-01-09,MI1301,Miljöräkenskaper,,1995-1999,Publikation,Statistiska centralbyrån,Statistiska centralbyrån,https://www.scb.se/MI1301
2002-01-09,NV0108,SCB:s allmänna företagsregister,,2001,Publikation,Statistiska centralbyrån,Statistiska centralbyrån,https://www.scb.se/NV0108
2002-01-09,OE0903,Årsbok för offentlig ekonomi,,2000,Publikation,Statistiska centralbyrån,Statistiska centralbyrån,https://www.scb.se/OE0903
2002-01-10,MI1004,Kväve- och fosforbalanser för jordbruksmark,,1999,Publikation,Statistiska centralbyrån,Statistiska centralbyrån,https://www.scb.se/MI1004
2002-01-11,EN0106,Kvartalsvis bränslestatistik,,3:e kvartalet 2001,Publikation,Statistiska centralbyrån,Statens energimyndighet,https://www.scb.se/EN0106
2002-01-15,NR0103,"Nationalräkenskaper, kvartals- och årsberäkningar",,1995-2000,Publikation,Statistiska centralbyrån,Statistiska centralbyrån,https://www.scb.se/NR0103
2002-01-15,NV1701,Inkvarteringsstatistik,,2000-2002,Publikation,Statistiska centralbyrån,Tillväxtverket,https://www.scb.se/NV1701
2002-01-17,OE0101,Kommunalskatterna,,2000-2002,Publikation,Statistiska centralbyrån,Statistiska centralbyrån,https://www.scb.se/OE0101
2002-01-17,PR0101,Konsumentprisindex,,2000-2002,Publikation,Statistiska centralbyrån,Statistiska centralbyrån,https://www.scb.se/PR0101
2002-01-18,EN0201,Kvartalsvisa energibalanser,,3:e kvartalet 2001,Publikation,Statistiska centralbyrån,Statens energimyndighet,https://www.scb.se/EN0201
2002-01-18,EN0201,Kvartalsvisa energibalanser,,4:e kvartalet 2001,Publikation,Statistiska centralbyrån,Statens energimyndighet,https://www.scb.se/EN0201
2002-01-18,HA0201,Utrikeshandel med varor,,Oktober 2001,Publikation,Statistiska centralbyrån,Statistiska centralbyrån,https://www.scb.se/HA0201
2002-01-24,FM0103,Finansräkenskaper kvartal och år,,3:e kvartalet 2001,Publikation,Statistiska centralbyrån,Finansinspektionen,https://www.scb.se/FM0103
2002-01-24,JO0604,Animalieproduktion,,November 2001,Publikation,Statistiska centralbyrån,Statens jordbruksverk,https://www.scb.se/JO0604
2002-01-25,HA0201,Utrikeshandel med varor,,December 2001,Publikation,Statistiska centralbyrån,Statistiska centralbyrån,https://www.scb.se/HA0201
2002-01-25,JO1001,Prisindex och priser på livsmedelsområdet,,November 2001,Publikation,Statistiska centralbyrån,Statens jordbruksverk,https://www.scb.se/JO1001
2002-01-28,AM0102,"Konjunkturstatistik, löner för statlig sektor",,November 2001,Publikation,Statistiska centralbyrån,Medlingsinstitutet,https://www.scb.se/AM0102
2002-01-30,AM0101,"Konjunkturstatistik, löner för privat sektor",,November 2001,Publikation,Statistiska centralbyrån,Medlingsinstitutet,https://www.scb.se/AM0101
2002-01-30,JO0103,Lantbrukets djur i juni,,2001,Publikation,Statistiska centralbyrån,Statens jordbruksverk,https://www.scb.se/JO0103
2002-01-31,AM0301,Arbetskostnadsindex för arbetare och tjänstemän inom privat sektor,,November 2001,Publikation,Statistiska centralbyrån,Statistiska centralbyrån,https://www.scb.se/AM0301
2002-01-31,OV9999,"Övriga publikationer, ej statistik",,2001,Publikation,Statistiska centralbyrån,Statistiska centralbyrån,https://www.scb.se/OV9999
2002-02-01,AM0108,"Konjunkturstatistik, löner för kommuner",,November 2001,Publikation,Statistiska centralbyrån,Medlingsinstitutet,https://www.scb.se/AM0108
2002-02-01,AM0401,Arbetskraftsundersökningarna,,2000-2002,Publikation,Statistiska centralbyrån,Statistiska centralbyrån,https://www.scb.se/AM0401
2002-02-04,AM0201,Kortperiodisk sysselsättningsstatistik,,4:e kvartalet 2001,Publikation,Statistiska centralbyrån,Statistiska centralbyrån,https://www.scb.se/AM0201
2002-02-05,NV1701,Inkvarteringsstatistik,,2000-2002,Publikation,Statistiska centralbyrån,Tillväxtverket,https://www.scb.se/NV1701
2002-02-06,AM0118,Konjunkturlöner för privat och offentlig sektor,,November 2001,Publikation,Statistiska centralbyrån,Medlingsinstitutet,https://www.scb.se/AM0118
2002-02-07,BE0701,Demografisk analys,,1991-2000,Publikation,Statistiska centralbyrån,Statistiska centralbyrån,https://www.scb.se/BE0701
2002-02-08,BE0701,Demografisk analys,,2002,Publikation,Statistiska centralbyrån,Statistiska centralbyrån,https://www.scb.se/BE0701
2002-02-08,JO0111,Nötkreatur i december,,2001,Publikation,Statistiska centralbyrån,Statens jordbruksverk,https://www.scb.se/JO0111
2002-02-08,JO1101,Det yrkesmässiga fisket i havet,,December 2001,Publikation,Statistiska centralbyrån,Havs- och vattenmyndigheten,https://www.scb.se/JO1101
2002-02-09,AM0401,Arbetskraftsundersökningarna,,4:e kvartalet 2001,Publikation,Statistiska centralbyrån,Statistiska centralbyrån,https://www.scb.se/AM0401
2002-02-11,HA0201,Utrikeshandel med varor,,November 2001,Publikation,Statistiska centralbyrån,Statistiska centralbyrån,https://www.scb.se/HA0201
2002-02-12,FM0201,Aktieägarstatistik,,2:a halvåret 2001,Publikation,Statistiska centralbyrån,Finansinspektionen,https://www.scb.se/FM0201
2002-02-12,JO0205,Ekonomisk kalkyl för jordbrukssektorn,,2000-2001,Publikation,Statistiska centralbyrån,Statens jordbruksverk,https://www.scb.se/JO0205
2002-02-13,JO0604,Animalieproduktion,,December 2001,Publikation,Statistiska centralbyrån,Statens jordbruksverk,https://www.scb.se/JO0604
2002-02-13,JO1001,Prisindex och priser på livsmedelsområdet,,December 2001,Publikation,Statistiska centralbyrån,Statens jordbruksverk,https://www.scb.se/JO1001
2002-02-15,JO1101,Det yrkesmässiga fisket i havet,,2000,Publikation,Statistiska centralbyrån,Havs- och vattenmyndigheten,https://www.scb.se/JO1101
2002-02-20,AM0701,Konjunkturstatistik över vakanser,,3:e kvartalet 2001,Publikation,Statistiska centralbyrån,Statistiska centralbyrån,https://www.scb.se/AM0701
2002-02-20,AM0701,Konjunkturstatistik över vakanser,,4:e kvartalet 2001,Publikation,Statistiska centralbyrån,Statistiska centralbyrån,https://www.scb.se/AM0701
2002-02-20,BE0701,Demografisk analys,,2000-2002,Publikation,Statistiska centralbyrån,Statistiska centralbyrån,https://www.scb.se/BE0701
2002-02-20,MI0810,Tätorter och småorter,,2000,Publikation,Statistiska centralbyrån,Statistiska centralbyrån,https://www.scb.se/MI0810
2002-02-21,PR0101,Konsumentprisindex,,2000-2002,Publikation,Statistiska centralbyrån,Statistiska centralbyrån,https://www.scb.se/PR0101
2002-02-22,AM0401,Arbetskraftsundersökningarna,,Januari 2002,Publikation,Statistiska centralbyrån,Statistiska centralbyrån,https://www.scb.se/AM0401
2002-02-22,MI0810,Tätorter och småorter,,1990-1995,Publikation,Statistiska centralbyrån,Statistiska centralbyrån,https://www.scb.se/MI0810
2002-02-26,FM0501,Försäkringsföretagens kapitalplaceringar,,4:e kvartalet 2001,Publikation,Statistiska centralbyrån,Finansinspektionen,https://www.scb.se/FM0501
2002-02-26,HA0201,Utrikeshandel med varor,,Januari 2002,Publikation,Statistiska centralbyrån,Statistiska centralbyrån,https://www.scb.se/HA0201
2002-02-26,MI0811,"Småorter; arealer, befolkning",,2000,Publikation,Statistiska centralbyrån,Statistiska centralbyrån,https://www.scb.se/MI0811
2002-02-28,AA9999,"Övriga publikationer, statistik",,2000-2002,Publikation,Statistiska centralbyrån,Statistiska centralbyrån,https://www.scb.se/AA9999
2002-02-28,AM0101,"Konjunkturstatistik, löner för privat sektor",,December 2001,Publikation,Statistiska centralbyrån,Medlingsinstitutet,https://www.scb.se/AM0101
2002-02-28,AM0102,"Konjunkturstatistik, löner för statlig sektor",,December 2001,Publikation,Statistiska centralbyrån,Medlingsinstitutet,https://www.scb.se/AM0102
2002-02-28,AM0301,Arbetskostnadsindex för arbetare och tjänstemän inom privat sektor,,December 2001,Publikation,Statistiska centralbyrån,Statistiska centralbyrån,https://www.scb.se/AM0301
2002-02-28,BE0101,Befolkningsstatistik,,2001,Publikation,Statistiska centralbyrån,Statistiska centralbyrån,https://www.scb.se/BE0101
2002-02-28,OE0701,Taxeringsutfallet,,2001,Publikation,Statistiska centralbyrån,Statistiska centralbyrån,https://www.scb.se/OE0701
2002-03-01,AM0108,"Konjunkturstatistik, löner för kommuner",,December 2001,Publikation,Statistiska centralbyrån,Medlingsinstitutet,https://www.scb.se/AM0108
2002-03-01,AM0206,"Lönesummor, arbetsgivaravgifter och preliminär A-skatt",,4:e kvartalet 2001,Publikation,Statistiska centralbyrån,Statistiska centralbyrån,https://www.scb.se/AM0206
2002-03-01,FM0402,"Finansiella företag, årsbokslut",,2001,Publikation,Statistiska centralbyrån,Finansinspektionen,https://www.scb.se/FM0402
2002-03-01,FM0403,"Investeringsfonder, tillgångar och skulder",,4:e kvartalet 2001,Publikation,Statistiska centralbyrån,Finansinspektionen,https://www.scb.se/FM0403
2002-03-02,LE0001,"Välfärd - SCB:s tidskrift om arbetsliv, demografi och välfärd",,1:a kvartalet 2002,Publikation,Statistiska centralbyrån,Statistiska centralbyrån,https://www.scb.se/LE0001
2002-03-05,AM0118,Konjunkturlöner för privat och offentlig sektor,,December 2001,Publikation,Statistiska centralbyrån,Medlingsinstitutet,https://www.scb.se/AM0118
2002-03-08,MI1301,Miljöräkenskaper,,2002,Publikation,Statistiska centralbyrån,Statistiska centralbyrån,https://www.scb.se/MI1301
2002-03-08,NV0120,Branschundersökningar inom tjänstesektorn,,1999,Publikation,Statistiska centralbyrån,Statistiska centralbyrån,https://www.scb.se/NV0120
2002-03-08,NV1701,Inkvarteringsstatistik,,2000-2002,Publikation,Statistiska centralbyrån,Tillväxtverket,https://www.scb.se/NV1701
2002-03-11,HA0201,Utrikeshandel med varor,,December 2001,Publikation,Statistiska centralbyrån,Statistiska centralbyrån,https://www.scb.se/HA0201
2002-03-11,NR0103,"Nationalräkenskaper, kvartals- och årsberäkningar",,4:e kvartalet 2001,Publikation,Statistiska centralbyrån,Statistiska centralbyrån,https://www.scb.se/NR0103
2002-03-12,OE0115,Kommunalekonomisk utjämning och utjämning av LSS-kostnader,,Intervall 2000/02,Publikation,Statistiska centralbyrån,Statistiska centralbyrån,https://www.scb.se/OE0115
2002-03-14,BO0406,Hyror i bostadslägenheter,,2000,Publikation,Statistiska centralbyrån,Statistiska centralbyrån,https://www.scb.se/BO0406
2002-03-14,JO1101,Det yrkesmässiga fisket i havet,,Januari 2002,Publikation,Statistiska centralbyrån,Havs- och vattenmyndigheten,https://www.scb.se/JO1101
2002-03-14,UF0502,Personalutbildningsstatistik,,2000-2002,Publikation,Statistiska centralbyrån,Statistiska centralbyrån,https://www.scb.se/UF0502
2002-03-15,BO0501,Fastighetspriser och lagfarter,,4:e kvartalet 2001,Publikation,Statistiska centralbyrån,Statistiska centralbyrån,https://www.scb.se/BO0501
2002-03-15,JO0604,Animalieproduktion,,Januari 2002,Publikation,Statistiska centralbyrån,Statens jordbruksverk,https://www.scb.se/JO0604
2002-03-15,JO1001,Prisindex och priser på livsmedelsområdet,,Januari 2002,Publikation,Statistiska centralbyrån,Statens jordbruksverk,https://www.scb.se/JO1001
2002-03-15,PR0101,Konsumentprisindex,,2000-2002,Publikation,Statistiska centralbyrån,Statistiska centralbyrån,https://www.scb.se/PR0101
2002-03-18,UF0205,Studenter och examinerade i högskoleutbildning på grundnivå och avancerad nivå,,2000-2002,Publikation,Statistiska centralbyrån,Universitetskanslersämbetet,https://www.scb.se/UF0205
2002-03-18,UF0527,På tal om utbildning,,2002,Publikation,Statistiska centralbyrån,Statistiska centralbyrån,https://www.scb.se/UF0527
2002-03-20,AM0207,Registerbaserad arbetsmarknadsstatistik,,2000,Publikation,Statistiska centralbyrån,Statistiska centralbyrån,https://www.scb.se/AM0207
2002-03-20,OE0107,Räkenskapssammandrag för kommuner och regioner,,2000-2002,Publikation,Statistiska centralbyrån,Statistiska centralbyrån,https://www.scb.se/OE0107
2002-03-20,UF0501,Elevpaneler för longitudinella studier,,2000-2002,Publikation,Statistiska centralbyrån,Statistiska centralbyrån,https://www.scb.se/UF0501
2002-03-21,HA0201,Utrikeshandel med varor,,4:e kvartalet 2001,Publikation,Statistiska centralbyrån,Statistiska centralbyrån,https://www.scb.se/HA0201
2002-03-22,AM0401,Arbetskraftsundersökningarna,,Februari 2002,Publikation,Statistiska centralbyrån,Statistiska centralbyrån,https://www.scb.se/AM0401
2002-03-25,HA0201,Utrikeshandel med varor,,Februari 2002,Publikation,Statistiska centralbyrån,Statistiska centralbyrån,https://www.scb.se/HA0201
2002-03-26,EN0106,Kvartalsvis bränslestatistik,,4:e kvartalet 2001,Publikation,Statistiska centralbyrån,Statens energimyndighet,https://www.scb.se/EN0106
2002-03-27,AM0102,"Konjunkturstatistik, löner för statlig sektor",,Januari 2002,Publikation,Statistiska centralbyrån,Medlingsinstitutet,https://www.scb.se/AM0102
2002-03-27,AM9901,Longitudinell Integrationsdatabas för sjukförsäkrings- och arbetsmarknadsstudier,,1990-1999,Publikation,Statistiska centralbyrån,Statistiska centralbyrån,https://www.scb.se/AM9901
2002-03-27,OE0903,Årsbok för offentlig ekonomi,,2002,Publikation,Statistiska centralbyrån,Statistiska centralbyrån,https://www.scb.se/OE0903
2002-03-27,UF0513,Gymnasieungdomars studieintresse,,2000-2002,Publikation,Statistiska centralbyrån,Statistiska centralbyrån,https://www.scb.se/UF0513
2002-04-02,AM0108,"Konjunkturstatistik, löner för kommuner",,Januari 2002,Publikation,Statistiska centralbyrån,Medlingsinstitutet,https://www.scb.se/AM0108
2002-04-02,AM9901,Longitudinell Integrationsdatabas för sjukförsäkrings- och arbetsmarknadsstudier,,2002,Publikation,Statistiska centralbyrån,Statistiska centralbyrån,https://www.scb.se/AM9901
2002-04-03,BE0701,Demografisk analys,,2002,Publikation,Statistiska centralbyrån,Statistiska centralbyrån,https://www.scb.se/BE0701
2002-04-05,JO1101,Det yrkesmässiga fisket i havet,,Februari 2002,Publikation,Statistiska centralbyrån,Havs- och vattenmyndigheten,https://www.scb.se/JO1101
2002-04-05,NV1701,Inkvarteringsstatistik,,2000-2002,Publikation,Statistiska centralbyrån,Tillväxtverket,https://www.scb.se/NV1701
2002-04-10,HA0201,Utrikeshandel med varor,,Januari 2002,Publikation,Statistiska centralbyrån,Statistiska centralbyrån,https://www.scb.se/HA0201
2002-04-10,OV9999,"Övriga publikationer, ej statistik",,2001,Publikation,Statistiska centralbyrån,Statistiska centralbyrån,https://www.scb.se/OV9999
2002-04-11,PR0101,Konsumentprisindex,,2000-2002,Publikation,Statistiska centralbyrån,Statistiska centralbyrån,https://www.scb.se/PR0101
2002-04-12,JO0104,Jordbruksmarkens användning,,2001,Publikation,Statistiska centralbyrån,Statens jordbruksverk,https://www.scb.se/JO0104
2002-04-15,BO0406,Hyror i bostadslägenheter,,2001,Publikation,Statistiska centralbyrån,Statistiska centralbyrån,https://www.scb.se/BO0406
2002-04-15,EN0105,"Årlig energistatistik (el, gas och fjärrvärme)",,2000,Publikation,Statistiska centralbyrån,Statens energimyndighet,https://www.scb.se/EN0105
2002-04-15,JO0604,Animalieproduktion,,Februari 2002,Publikation,Statistiska centralbyrån,Statens jordbruksverk,https://www.scb.se/JO0604
2002-04-15,JO1001,Prisindex och priser på livsmedelsområdet,,Februari 2002,Publikation,Statistiska centralbyrån,Statens jordbruksverk,https://www.scb.se/JO1001
2002-04-17,BE0101,Befolkningsstatistik,,2001,Publikation,Statistiska centralbyrån,Statistiska centralbyrån,https://www.scb.se/BE0101
2002-04-18,BO0102,Ombyggnad och rivning av flerbostadshus,,2001,Publikation,Statistiska centralbyrån,Statistiska centralbyrån,https://www.scb.se/BO0102
2002-04-24,MI0504,Miljö- och hälsofarliga kemikalier,,2000,Publikation,Statistiska centralbyrån,Kemikalieinspektionen,https://www.scb.se/MI0504
2002-04-24,MI1002,Försäljning av mineralgödsel för jord- och trädgårdsbruk,,2000-2001,Publikation,Statistiska centralbyrån,Statistiska centralbyrån,https://www.scb.se/MI1002
2002-04-25,HA0201,Utrikeshandel med varor,,Mars 2002,Publikation,Statistiska centralbyrån,Statistiska centralbyrån,https://www.scb.se/HA0201
2002-04-29,JO0106,Företag och företagare i jordbruket,,2000,Publikation,Statistiska centralbyrån,Statens jordbruksverk,https://www.scb.se/JO0106
2002-04-30,AM0101,"Konjunkturstatistik, löner för privat sektor",,Februari 2002,Publikation,Statistiska centralbyrån,Medlingsinstitutet,https://www.scb.se/AM0101
2002-04-30,AM0102,"Konjunkturstatistik, löner för statlig sektor",,Februari 2002,Publikation,Statistiska centralbyrån,Medlingsinstitutet,https://www.scb.se/AM0102
2002-05-02,AM0108,"Konjunkturstatistik, löner för kommuner",,Februari 2002,Publikation,Statistiska centralbyrån,Medlingsinstitutet,https://www.scb.se/AM0108
2002-05-02,NV1701,Inkvarteringsstatistik,,2000-2002,Publikation,Statistiska centralbyrån,Tillväxtverket,https://www.scb.se/NV1701
2002-05-03,FM0103,Finansräkenskaper kvartal och år,,4:e kvartalet 2001,Publikation,Statistiska centralbyrån,Finansinspektionen,https://www.scb.se/FM0103
2002-05-06,AM0401,Arbetskraftsundersökningarna,,Mars 2002,Publikation,Statistiska centralbyrån,Statistiska centralbyrån,https://www.scb.se/AM0401
2002-05-06,MI0902,Vattenuttag och vattenanvändning i Sverige,,2000,Publikation,Statistiska centralbyrån,Statistiska centralbyrån,https://www.scb.se/MI0902
2002-05-06,OE0106,Kommunernas och regionernas finansiella tillgångar och skulder,,2000-2002,Publikation,Statistiska centralbyrån,Statistiska centralbyrån,https://www.scb.se/OE0106
2002-05-06,PR0701,Konjunkturbarometern Hushåll,,2000,Publikation,Statistiska centralbyrån,Konjunkturinstitutet,https://www.scb.se/PR0701
2002-05-07,JO1101,Det yrkesmässiga fisket i havet,,Mars 2002,Publikation,Statistiska centralbyrån,Havs- och vattenmyndigheten,https://www.scb.se/JO1101
2002-05-08,AM0101,"Konjunkturstatistik, löner för privat sektor",,Januari 2002,Publikation,Statistiska centralbyrån,Medlingsinstitutet,https://www.scb.se/AM0101
2002-05-13,AM0118,Konjunkturlöner för privat och offentlig sektor,,Februari 2002,Publikation,Statistiska centralbyrån,Medlingsinstitutet,https://www.scb.se/AM0118
2002-05-13,AM0118,Konjunkturlöner för privat och offentlig sektor,,Januari 2002,Publikation,Statistiska centralbyrån,Medlingsinstitutet,https://www.scb.se/AM0118
2002-05-13,AM0401,Arbetskraftsundersökningarna,,1:a kvartalet 2002,Publikation,Statistiska centralbyrån,Statistiska centralbyrån,https://www.scb.se/AM0401
2002-05-13,AM0401,Arbetskraftsundersökningarna,,2001,Publikation,Statistiska centralbyrån,Statistiska centralbyrån,https://www.scb.se/AM0401
2002-05-14,AM0104,"Lönestrukturstatistik, statlig sektor",,2001,Publikation,Statistiska centralbyrån,Medlingsinstitutet,https://www.scb.se/AM0104
2002-05-14,NV1701,Inkvarteringsstatistik,,2000-2002,Publikation,Statistiska centralbyrån,Tillväxtverket,https://www.scb.se/NV1701
2002-05-14,PR0101,Konsumentprisindex,,2000-2002,Publikation,Statistiska centralbyrån,Statistiska centralbyrån,https://www.scb.se/PR0101
2002-05-15,AM0103,"Lönestrukturstatistik, privat sektor",,2001,Publikation,Statistiska centralbyrån,Medlingsinstitutet,https://www.scb.se/AM0103
2002-05-15,AM0105,Lönestrukturstatistik för regioner,,2001,Publikation,Statistiska centralbyrån,Medlingsinstitutet,https://www.scb.se/AM0105
2002-05-15,AM0106,Lönestrukturstatistik för kommuner,,2001,Publikation,Statistiska centralbyrån,Medlingsinstitutet,https://www.scb.se/AM0106
2002-05-15,AM0301,Arbetskostnadsindex för arbetare och tjänstemän inom privat sektor,,Februari 2002,Publikation,Statistiska centralbyrån,Statistiska centralbyrån,https://www.scb.se/AM0301
2002-05-15,AM0301,Arbetskostnadsindex för arbetare och tjänstemän inom privat sektor,,Januari 2002,Publikation,Statistiska centralbyrån,Statistiska centralbyrån,https://www.scb.se/AM0301
2002-05-15,UF0515,Trender och prognoser om utbildning och arbetsmarknad,,2002,Publikation,Statistiska centralbyrån,Statistiska centralbyrån,https://www.scb.se/UF0515
2002-05-16,HA0201,Utrikeshandel med varor,,Februari 2002,Publikation,Statistiska centralbyrån,Statistiska centralbyrån,https://www.scb.se/HA0201
2002-05-17,AM0103,"Lönestrukturstatistik, privat sektor",,2001,Publikation,Statistiska centralbyrån,Medlingsinstitutet,https://www.scb.se/AM0103
2002-05-17,FM0102,"Finansräkenskaper, år",,1996-2001,Publikation,Statistiska centralbyrån,Finansinspektionen,https://www.scb.se/FM0102
2002-05-17,JO0604,Animalieproduktion,,Mars 2002,Publikation,Statistiska centralbyrån,Statens jordbruksverk,https://www.scb.se/JO0604
2002-05-17,JO1001,Prisindex och priser på livsmedelsområdet,,Mars 2002,Publikation,Statistiska centralbyrån,Statens jordbruksverk,https://www.scb.se/JO1001
2002-05-21,LE0001,"Välfärd - SCB:s tidskrift om arbetsliv, demografi och välfärd",,2:a kvartalet 2002,Publikation,Statistiska centralbyrån,Statistiska centralbyrån,https://www.scb.se/LE0001
2002-05-22,BE0401,Befolkningsframskrivningar,,2002-2050,Publikation,Statistiska centralbyrån,Statistiska centralbyrån,https://www.scb.se/BE0401
2002-05-22,EN0301,Elpriser och elavtal,,2002,Publikation,Statistiska centralbyrån,Statens energimyndighet,https://www.scb.se/EN0301
2002-05-22,MI0812,Strandnära markanvändning,,2000,Publikation,Statistiska centralbyrån,Statistiska centralbyrån,https://www.scb.se/MI0812
2002-05-23,AM0201,Kortperiodisk sysselsättningsstatistik,,1:a kvartalet 2002,Publikation,Statistiska centralbyrån,Statistiska centralbyrån,https://www.scb.se/AM0201
2002-05-23,AM0701,Konjunkturstatistik över vakanser,,1:a kvartalet 2002,Publikation,Statistiska centralbyrån,Statistiska centralbyrån,https://www.scb.se/AM0701
2002-05-24,BE0701,Demografisk analys,,2001,Publikation,Statistiska centralbyrån,Statistiska centralbyrån,https://www.scb.se/BE0701
2002-05-27,HA0201,Utrikeshandel med varor,,April 2002,Publikation,Statistiska centralbyrån,Statistiska centralbyrån,https://www.scb.se/HA0201
2002-05-27,UF0507,Befolkningens studiedeltagande,,2000-2002,Publikation,Statistiska centralbyrån,Statistiska centralbyrån,https://www.scb.se/UF0507
2002-05-28,AM0000,Arbetsmarknad allmän statistik,,2002,Publikation,Statistiska centralbyrån,Statistiska centralbyrån,https://www.scb.se/AM0000
2002-05-28,AM0102,"Konjunkturstatistik, löner för statlig sektor",,Mars 2002,Publikation,Statistiska centralbyrån,Medlingsinstitutet,https://www.scb.se/AM0102
2002-05-29,HE0103,Hushållens ekonomi,,2000,Publikation,Statistiska centralbyrån,Statistiska centralbyrån,https://www.scb.se/HE0103
2002-05-29,MI1301,Miljöräkenskaper,,2000,Publikation,Statistiska centralbyrån,Statistiska centralbyrån,https://www.scb.se/MI1301
2002-05-30,AM0101,"Konjunkturstatistik, löner för privat sektor",,Mars 2002,Publikation,Statistiska centralbyrån,Medlingsinstitutet,https://www.scb.se/AM0101
2002-05-30,FM0501,Försäkringsföretagens kapitalplaceringar,,1:a kvartalet 2002,Publikation,Statistiska centralbyrån,Finansinspektionen,https://www.scb.se/FM0501
2002-05-31,AM0301,Arbetskostnadsindex för arbetare och tjänstemän inom privat sektor,,Mars 2002,Publikation,Statistiska centralbyrån,Statistiska centralbyrån,https://www.scb.se/AM0301
2002-05-31,AM0401,Arbetskraftsundersökningarna,,April 2002,Publikation,Statistiska centralbyrån,Statistiska centralbyrån,https://www.scb.se/AM0401
2002-05-31,BO0801,Bostads- och byggnadsstatistisk årsbok,,2002,Publikation,Statistiska centralbyrån,Statistiska centralbyrån,https://www.scb.se/BO0801
2002-05-31,LE0001,"Välfärd - SCB:s tidskrift om arbetsliv, demografi och välfärd",,2:a kvartalet 2000,Publikation,Statistiska centralbyrån,Statistiska centralbyrån,https://www.scb.se/LE0001
2002-05-31,MI0501,"Växtskyddsmedel i jordbruket, beräknat antal hektardoser",,2001,Publikation,Statistiska centralbyrån,Kemikalieinspektionen,https://www.scb.se/MI0501
2002-06-01,BE0101,Befolkningsstatistik,,2001,Publikation,Statistiska centralbyrån,Statistiska centralbyrån,https://www.scb.se/BE0101
2002-06-03,AM0108,"Konjunkturstatistik, löner för kommuner",,Mars 2002,Publikation,Statistiska centralbyrån,Medlingsinstitutet,https://www.scb.se/AM0108
2002-06-03,AM0206,"Lönesummor, arbetsgivaravgifter och preliminär A-skatt",,1:a kvartalet 2002,Publikation,Statistiska centralbyrån,Statistiska centralbyrån,https://www.scb.se/AM0206
2002-06-03,AM0302,Registerbaserad lönesummestatistik,,2000,Publikation,Statistiska centralbyrån,Statistiska centralbyrån,https://www.scb.se/AM0302
2002-06-04,JO1101,Det yrkesmässiga fisket i havet,,April 2002,Publikation,Statistiska centralbyrån,Havs- och vattenmyndigheten,https://www.scb.se/JO1101
2002-06-07,JO1201,Vattenbruk,,2001,Publikation,Statistiska centralbyrån,Statens jordbruksverk,https://www.scb.se/JO1201
2002-06-07,NV1701,Inkvarteringsstatistik,,2000-2002,Publikation,Statistiska centralbyrån,Tillväxtverket,https://www.scb.se/NV1701
2002-06-10,AM0118,Konjunkturlöner för privat och offentlig sektor,,Mars 2002,Publikation,Statistiska centralbyrån,Medlingsinstitutet,https://www.scb.se/AM0118
2002-06-10,BO0501,Fastighetspriser och lagfarter,,1:a kvartalet 2002,Publikation,Statistiska centralbyrån,Statistiska centralbyrån,https://www.scb.se/BO0501
2002-06-10,HA0201,Utrikeshandel med varor,,Mars 2002,Publikation,Statistiska centralbyrån,Statistiska centralbyrån,https://www.scb.se/HA0201
2002-06-11,EN0202,Årliga energibalanser,,2000,Publikation,Statistiska centralbyrån,Statens energimyndighet,https://www.scb.se/EN0202
2002-06-13,BO0303,Outhyrda bostadslägenheter i flerbostadshus,,1:a halvåret 2002,Publikation,Statistiska centralbyrån,Statistiska centralbyrån,https://www.scb.se/BO0303
2002-06-13,PR0101,Konsumentprisindex,,2000-2002,Publikation,Statistiska centralbyrån,Statistiska centralbyrån,https://www.scb.se/PR0101
2002-06-14,JO0601,"Skörd av spannmål, trindsäd och oljeväxter",,2000-2002,Publikation,Statistiska centralbyrån,Statens jordbruksverk,https://www.scb.se/JO0601
2002-06-14,JO0604,Animalieproduktion,,April 2002,Publikation,Statistiska centralbyrån,Statens jordbruksverk,https://www.scb.se/JO0604
2002-06-14,JO1001,Prisindex och priser på livsmedelsområdet,,April 2002,Publikation,Statistiska centralbyrån,Statens jordbruksverk,https://www.scb.se/JO1001
2002-06-14,ME0201,Partisympatiundersökningen,,1:a halvåret 2002,Publikation,Statistiska centralbyrån,Statistiska centralbyrån,https://www.scb.se/ME0201
2002-06-15,HA0201,Utrikeshandel med varor,,1:a kvartalet 2002,Publikation,Statistiska centralbyrån,Statistiska centralbyrån,https://www.scb.se/HA0201
2002-06-17,BE0101,Befolkningsstatistik,,2002,Publikation,Statistiska centralbyrån,Statistiska centralbyrån,https://www.scb.se/BE0101
2002-06-17,JO1001,Prisindex och priser på livsmedelsområdet,,1995-2001,Publikation,Statistiska centralbyrån,Statens jordbruksverk,https://www.scb.se/JO1001
2002-06-17,MI1301,Miljöräkenskaper,,1993-1997,Publikation,Statistiska centralbyrån,Statistiska centralbyrån,https://www.scb.se/MI1301
2002-06-18,ME0201,Partisympatiundersökningen,,1:a halvåret 2002,Publikation,Statistiska centralbyrån,Statistiska centralbyrån,https://www.scb.se/ME0201
2002-06-19,PR0101,Konsumentprisindex,,2000-2002,Publikation,Statistiska centralbyrån,Statistiska centralbyrån,https://www.scb.se/PR0101
2002-06-20,MI0809,Torv,,2001,Publikation,Statistiska centralbyrån,Statistiska centralbyrån,https://www.scb.se/MI0809
2002-06-20,NR0103,"Nationalräkenskaper, kvartals- och årsberäkningar",,1:a kvartalet 2002,Publikation,Statistiska centralbyrån,Statistiska centralbyrån,https://www.scb.se/NR0103
2002-06-26,HE0108,Inkomststatistik - totalräknad,,2000,Publikation,Statistiska centralbyrån,Statistiska centralbyrån,https://www.scb.se/HE0108
2002-06-27,EN0106,Kvartalsvis bränslestatistik,,1:a kvartalet 2002,Publikation,Statistiska centralbyrån,Statens energimyndighet,https://www.scb.se/EN0106
2002-06-27,HA0201,Utrikeshandel med varor,,Maj 2002,Publikation,Statistiska centralbyrån,Statistiska centralbyrån,https://www.scb.se/HA0201
2002-06-28,AM0101,"Konjunkturstatistik, löner för privat sektor",,April 2002,Publikation,Statistiska centralbyrån,Medlingsinstitutet,https://www.scb.se/AM0101
2002-06-28,AM0102,"Konjunkturstatistik, löner för statlig sektor",,April 2002,Publikation,Statistiska centralbyrån,Medlingsinstitutet,https://www.scb.se/AM0102
2002-06-28,AM0401,Arbetskraftsundersökningarna,,Maj 2002,Publikation,Statistiska centralbyrån,Statistiska centralbyrån,https://www.scb.se/AM0401
2002-06-28,FM0103,Finansräkenskaper kvartal och år,,1:a kvartalet 2002,Publikation,Statistiska centralbyrån,Finansinspektionen,https://www.scb.se/FM0103
2002-06-28,HE0108,Inkomststatistik - totalräknad,,2000,Publikation,Statistiska centralbyrån,Statistiska centralbyrån,https://www.scb.se/HE0108
2002-06-28,JO0104,Jordbruksmarkens användning,,2002,Publikation,Statistiska centralbyrån,Statens jordbruksverk,https://www.scb.se/JO0104
2002-06-28,JO0602,Normskördar,,2002,Publikation,Statistiska centralbyrån,Statens jordbruksverk,https://www.scb.se/JO0602
2002-06-28,UF0521,Analyser om utbildning och arbetsmarknad,,2002,Publikation,Statistiska centralbyrån,Statistiska centralbyrån,https://www.scb.se/UF0521
2002-07-01,AM0108,"Konjunkturstatistik, löner för kommuner",,April 2002,Publikation,Statistiska centralbyrån,Medlingsinstitutet,https://www.scb.se/AM0108
2002-07-03,AM0118,Konjunkturlöner för privat och offentlig sektor,,April 2002,Publikation,Statistiska centralbyrån,Medlingsinstitutet,https://www.scb.se/AM0118
2002-07-03,AM0301,Arbetskostnadsindex för arbetare och tjänstemän inom privat sektor,,April 2002,Publikation,Statistiska centralbyrån,Statistiska centralbyrån,https://www.scb.se/AM0301
2002-07-03,BO0201,Priser för nyproducerade bostäder,,2001,Publikation,Statistiska centralbyrån,Statistiska centralbyrån,https://www.scb.se/BO0201
2002-07-03,EN0201,Kvartalsvisa energibalanser,,1:a kvartalet 2002,Publikation,Statistiska centralbyrån,Statens energimyndighet,https://www.scb.se/EN0201
2002-07-03,MI1003,"Försäljning av kalk för jord- och trädgårdsbruk, sjöar och vattendrag samt skog",,2001,Publikation,Statistiska centralbyrån,Statistiska centralbyrån,https://www.scb.se/MI1003
2002-07-03,NV0109,Företagens ekonomi,,2000,Publikation,Statistiska centralbyrån,Statistiska centralbyrån,https://www.scb.se/NV0109
2002-07-03,NV1701,Inkvarteringsstatistik,,2000-2002,Publikation,Statistiska centralbyrån,Tillväxtverket,https://www.scb.se/NV1701
2002-07-03,UF0204,Doktorander och examina i högskoleutbildning på forskarnivå,,2000-2002,Publikation,Statistiska centralbyrån,Universitetskanslersämbetet,https://www.scb.se/UF0204
2002-07-03,UF0506,Befolkningens utbildning,,2001,Publikation,Statistiska centralbyrån,Statistiska centralbyrån,https://www.scb.se/UF0506
2002-07-04,JO0604,Animalieproduktion,,Maj 2002,Publikation,Statistiska centralbyrån,Statens jordbruksverk,https://www.scb.se/JO0604
2002-07-04,JO1001,Prisindex och priser på livsmedelsområdet,,Maj 2002,Publikation,Statistiska centralbyrån,Statens jordbruksverk,https://www.scb.se/JO1001
2002-07-04,NV0120,Branschundersökningar inom tjänstesektorn,,2000,Publikation,Statistiska centralbyrån,Statistiska centralbyrån,https://www.scb.se/NV0120
2002-07-05,FM0403,"Investeringsfonder, tillgångar och skulder",,1:a kvartalet 2002,Publikation,Statistiska centralbyrån,Finansinspektionen,https://www.scb.se/FM0403
2002-07-05,JO1101,Det yrkesmässiga fisket i havet,,Maj 2002,Publikation,Statistiska centralbyrån,Havs- och vattenmyndigheten,https://www.scb.se/JO1101
2002-07-08,NV0120,Branschundersökningar inom tjänstesektorn,,2000,Publikation,Statistiska centralbyrån,Statistiska centralbyrån,https://www.scb.se/NV0120
2002-07-09,NV0120,Branschundersökningar inom tjänstesektorn,,2000,Publikation,Statistiska centralbyrån,Statistiska centralbyrån,https://www.scb.se/NV0120
2002-07-10,BO0201,Priser för nyproducerade bostäder,,2001,Publikation,Statistiska centralbyrån,Statistiska centralbyrån,https://www.scb.se/BO0201
2002-07-10,HA0201,Utrikeshandel med varor,,April 2002,Publikation,Statistiska centralbyrån,Statistiska centralbyrån,https://www.scb.se/HA0201
2002-07-11,MI0106,"Utsläpp till vatten och slamproduktion – Kommunala reningsverk, skogsindustri samt viss övrig industri",,2000,Publikation,Statistiska centralbyrån,Naturvårdsverket,https://www.scb.se/MI0106
2002-07-12,OV9999,"Övriga publikationer, ej statistik",,2000,Publikation,Statistiska centralbyrån,Statistiska centralbyrån,https://www.scb.se/OV9999
2002-07-12,PR0101,Konsumentprisindex,,2000-2002,Publikation,Statistiska centralbyrån,Statistiska centralbyrån,https://www.scb.se/PR0101
2002-07-15,OV9999,"Övriga publikationer, ej statistik",,2002,Publikation,Statistiska centralbyrån,Statistiska centralbyrån,https://www.scb.se/OV9999
2002-07-16,BO0501,Fastighetspriser och lagfarter,,2001,Publikation,Statistiska centralbyrån,Statistiska centralbyrån,https://www.scb.se/BO0501
2002-07-17,NV0801,Investeringsenkäten,,2002,Publikation,Statistiska centralbyrån,Statistiska centralbyrån,https://www.scb.se/NV0801
2002-07-22,MI1001,Gödselmedel och odlingsåtgärder i jordbruket,,2000-2001,Publikation,Statistiska centralbyrån,Statistiska centralbyrån,https://www.scb.se/MI1001
2002-07-26,AM0401,Arbetskraftsundersökningarna,,Juni 2002,Publikation,Statistiska centralbyrån,Statistiska centralbyrån,https://www.scb.se/AM0401
2002-07-26,HA0201,Utrikeshandel med varor,,Juni 2002,Publikation,Statistiska centralbyrån,Statistiska centralbyrån,https://www.scb.se/HA0201
2002-07-29,AM0101,"Konjunkturstatistik, löner för privat sektor",,Maj 2002,Publikation,Statistiska centralbyrån,Medlingsinstitutet,https://www.scb.se/AM0101
2002-07-29,AM0102,"Konjunkturstatistik, löner för statlig sektor",,Maj 2002,Publikation,Statistiska centralbyrån,Medlingsinstitutet,https://www.scb.se/AM0102
2002-07-31,AM0301,Arbetskostnadsindex för arbetare och tjänstemän inom privat sektor,,Maj 2002,Publikation,Statistiska centralbyrån,Statistiska centralbyrån,https://www.scb.se/AM0301
2002-08-01,AM0108,"Konjunkturstatistik, löner för kommuner",,Maj 2002,Publikation,Statistiska centralbyrån,Medlingsinstitutet,https://www.scb.se/AM0108
2002-08-01,MI0812,Strandnära markanvändning,,2000,Publikation,Statistiska centralbyrån,Statistiska centralbyrån,https://www.scb.se/MI0812
2002-08-02,AM0118,Konjunkturlöner för privat och offentlig sektor,,Maj 2002,Publikation,Statistiska centralbyrån,Medlingsinstitutet,https://www.scb.se/AM0118
2002-08-02,JO1101,Det yrkesmässiga fisket i havet,,Juni 2002,Publikation,Statistiska centralbyrån,Havs- och vattenmyndigheten,https://www.scb.se/JO1101
2002-08-02,OE0107,Räkenskapssammandrag för kommuner och regioner,,2001,Publikation,Statistiska centralbyrån,Statistiska centralbyrån,https://www.scb.se/OE0107
2002-08-06,NV1701,Inkvarteringsstatistik,,2000-2002,Publikation,Statistiska centralbyrån,Tillväxtverket,https://www.scb.se/NV1701
2002-08-14,JO0605,Skördeprognos för spannmål och oljeväxter,,2000,Publikation,Statistiska centralbyrån,Statens jordbruksverk,https://www.scb.se/JO0605
2002-08-14,NR0110,Utgifter för det sociala skyddet i Sverige och Europa samt utgifternas finansiering,,1993-2000,Publikation,Statistiska centralbyrån,Statistiska centralbyrån,https://www.scb.se/NR0110
2002-08-15,PR0101,Konsumentprisindex,,2000-2002,Publikation,Statistiska centralbyrån,Statistiska centralbyrån,https://www.scb.se/PR0101
2002-08-16,LE0201,Jämställdhetsstatistik,,2002,Publikation,Statistiska centralbyrån,Statistiska centralbyrån,https://www.scb.se/LE0201
2002-08-20,HA0201,Utrikeshandel med varor,,Maj 2002,Publikation,Statistiska centralbyrån,Statistiska centralbyrån,https://www.scb.se/HA0201
2002-08-21,FM0501,Försäkringsföretagens kapitalplaceringar,,2:a kvartalet 2002,Publikation,Statistiska centralbyrån,Finansinspektionen,https://www.scb.se/FM0501
2002-08-23,AM0401,Arbetskraftsundersökningarna,,Juli 2002,Publikation,Statistiska centralbyrån,Statistiska centralbyrån,https://www.scb.se/AM0401
2002-08-26,BE0701,Demografisk analys,,2002,Publikation,Statistiska centralbyrån,Statistiska centralbyrån,https://www.scb.se/BE0701
2002-08-26,FM0403,"Investeringsfonder, tillgångar och skulder",,2:a kvartalet 2002,Publikation,Statistiska centralbyrån,Finansinspektionen,https://www.scb.se/FM0403
2002-08-26,HA0201,Utrikeshandel med varor,,Juli 2002,Publikation,Statistiska centralbyrån,Statistiska centralbyrån,https://www.scb.se/HA0201
2002-08-26,UF0202,Personal vid universitet och högskolor,,2000-2002,Publikation,Statistiska centralbyrån,Universitetskanslersämbetet,https://www.scb.se/UF0202
2002-08-27,AM0102,"Konjunkturstatistik, löner för statlig sektor",,Juni 2002,Publikation,Statistiska centralbyrån,Medlingsinstitutet,https://www.scb.se/AM0102
2002-08-27,AM0201,Kortperiodisk sysselsättningsstatistik,,2:a kvartalet 2002,Publikation,Statistiska centralbyrån,Statistiska centralbyrån,https://www.scb.se/AM0201
2002-08-27,AM0701,Konjunkturstatistik över vakanser,,2:a kvartalet 2002,Publikation,Statistiska centralbyrån,Statistiska centralbyrån,https://www.scb.se/AM0701
2002-08-29,MI1301,Miljöräkenskaper,,2000-2002,Publikation,Statistiska centralbyrån,Statistiska centralbyrån,https://www.scb.se/MI1301
2002-08-30,AM0101,"Konjunkturstatistik, löner för privat sektor",,Juni 2002,Publikation,Statistiska centralbyrån,Medlingsinstitutet,https://www.scb.se/AM0101
2002-08-30,AM0108,"Konjunkturstatistik, löner för kommuner",,Juni 2002,Publikation,Statistiska centralbyrån,Medlingsinstitutet,https://www.scb.se/AM0108
2002-08-30,JO1101,Det yrkesmässiga fisket i havet,,Juli 2005,Publikation,Statistiska centralbyrån,Havs- och vattenmyndigheten,https://www.scb.se/JO1101
2002-08-31,AM0207,Registerbaserad arbetsmarknadsstatistik,,2000,Publikation,Statistiska centralbyrån,Statistiska centralbyrån,https://www.scb.se/AM0207
2002-09-02,NV1701,Inkvarteringsstatistik,,2000-2002,Publikation,Statistiska centralbyrån,Tillväxtverket,https://www.scb.se/NV1701
2002-09-03,AM0206,"Lönesummor, arbetsgivaravgifter och preliminär A-skatt",,2:a kvartalet 2002,Publikation,Statistiska centralbyrån,Statistiska centralbyrån,https://www.scb.se/AM0206
2002-09-03,FM0201,Aktieägarstatistik,,1:a halvåret 2002,Publikation,Statistiska centralbyrån,Finansinspektionen,https://www.scb.se/FM0201
2002-09-04,AM0301,Arbetskostnadsindex för arbetare och tjänstemän inom privat sektor,,Juni 2002,Publikation,Statistiska centralbyrån,Statistiska centralbyrån,https://www.scb.se/AM0301
2002-09-04,AM0401,Arbetskraftsundersökningarna,,2:a kvartalet 2002,Publikation,Statistiska centralbyrån,Statistiska centralbyrån,https://www.scb.se/AM0401
2002-09-05,AM0118,Konjunkturlöner för privat och offentlig sektor,,Juni 2002,Publikation,Statistiska centralbyrån,Medlingsinstitutet,https://www.scb.se/AM0118
2002-09-10,HA0201,Utrikeshandel med varor,,Juni 2002,Publikation,Statistiska centralbyrån,Statistiska centralbyrån,https://www.scb.se/HA0201
2002-09-10,OV9999,"Övriga publikationer, ej statistik",,2002,Publikation,Statistiska centralbyrån,Statistiska centralbyrån,https://www.scb.se/OV9999
2002-09-11,FM0502,Försäkringsföretagens årsredogörelse,,2000-2002,Publikation,Statistiska centralbyrån,Finansinspektionen,https://www.scb.se/FM0502
2002-09-12,BO0501,Fastighetspriser och lagfarter,,2:a kvartalet 2002,Publikation,Statistiska centralbyrån,Statistiska centralbyrån,https://www.scb.se/BO0501
2002-09-12,PR0101,Konsumentprisindex,,2000-2002,Publikation,Statistiska centralbyrån,Statistiska centralbyrån,https://www.scb.se/PR0101
2002-09-13,EN0102,Energistatistik för småhus,,2001,Publikation,Statistiska centralbyrån,Statens energimyndighet,https://www.scb.se/EN0102
2002-09-13,HA0201,Utrikeshandel med varor,,2:a kvartalet 2002,Publikation,Statistiska centralbyrån,Statistiska centralbyrån,https://www.scb.se/HA0201
2002-09-13,JO0604,Animalieproduktion,,Juli 2005,Publikation,Statistiska centralbyrån,Statens jordbruksverk,https://www.scb.se/JO0604
2002-09-13,JO1001,Prisindex och priser på livsmedelsområdet,,Juli 2005,Publikation,Statistiska centralbyrån,Statens jordbruksverk,https://www.scb.se/JO1001
2002-09-14,MI1301,Miljöräkenskaper,,1987-1999,Publikation,Statistiska centralbyrån,Statistiska centralbyrån,https://www.scb.se/MI1301
2002-09-15,AM0207,Registerbaserad arbetsmarknadsstatistik,,2000,Publikation,Statistiska centralbyrån,Statistiska centralbyrån,https://www.scb.se/AM0207
2002-09-19,OE0107,Räkenskapssammandrag för kommuner och regioner,,2001,Publikation,Statistiska centralbyrån,Statistiska centralbyrån,https://www.scb.se/OE0107
2002-09-20,AM0401,Arbetskraftsundersökningarna,,Augusti 2002,Publikation,Statistiska centralbyrån,Statistiska centralbyrån,https://www.scb.se/AM0401
2002-09-20,EN0106,Kvartalsvis bränslestatistik,,2:a kvartalet 2002,Publikation,Statistiska centralbyrån,Statens energimyndighet,https://www.scb.se/EN0106
2002-09-25,HA0201,Utrikeshandel med varor,,Augusti 2002,Publikation,Statistiska centralbyrån,Statistiska centralbyrån,https://www.scb.se/HA0201
2002-09-25,NR0103,"Nationalräkenskaper, kvartals- och årsberäkningar",,2:a kvartalet 2002,Publikation,Statistiska centralbyrån,Statistiska centralbyrån,https://www.scb.se/NR0103
2002-09-26,EN0105,"Årlig energistatistik (el, gas och fjärrvärme)",,2001,Publikation,Statistiska centralbyrån,Statens energimyndighet,https://www.scb.se/EN0105
2002-09-27,AM0102,"Konjunkturstatistik, löner för statlig sektor",,Juli 2002,Publikation,Statistiska centralbyrån,Medlingsinstitutet,https://www.scb.se/AM0102
2002-09-27,EN0201,Kvartalsvisa energibalanser,,2:a kvartalet 2002,Publikation,Statistiska centralbyrån,Statens energimyndighet,https://www.scb.se/EN0201
2002-09-27,FM0402,"Finansiella företag, årsbokslut",,2001,Publikation,Statistiska centralbyrån,Finansinspektionen,https://www.scb.se/FM0402
2002-09-27,LE0001,"Välfärd - SCB:s tidskrift om arbetsliv, demografi och välfärd",,3:e kvartalet 2002,Publikation,Statistiska centralbyrån,Statistiska centralbyrån,https://www.scb.se/LE0001
2002-09-30,AM0502,Arbetsorsakade besvär,,2002,Publikation,Arbetsmiljöverket,Arbetsmiljöverket,https://www.scb.se/AM0502
2002-09-30,BE0101,Befolkningsstatistik,,2001,Publikation,Statistiska centralbyrån,Statistiska centralbyrån,https://www.scb.se/BE0101
2002-09-30,BE0701,Demografisk analys,,2001,Publikation,Statistiska centralbyrån,Statistiska centralbyrån,https://www.scb.se/BE0701
2002-09-30,BO0404,Avgifter/hyror för nybyggda lägenheter,,2001,Publikation,Statistiska centralbyrån,Statistiska centralbyrån,https://www.scb.se/BO0404
2002-09-30,BO0406,Hyror i bostadslägenheter,,2001,Publikation,Statistiska centralbyrån,Statistiska centralbyrån,https://www.scb.se/BO0406
2002-09-30,JO1901,Allmän jordbruksstatistik,,2002,Publikation,Statistiska centralbyrån,Statens jordbruksverk,https://www.scb.se/JO1901
2002-09-30,MI1302,Miljöskyddskostnader,,2001,Publikation,Statistiska centralbyrån,Statistiska centralbyrån,https://www.scb.se/MI1302
2002-10-01,AM0101,"Konjunkturstatistik, löner för privat sektor",,Juli 2002,Publikation,Statistiska centralbyrån,Medlingsinstitutet,https://www.scb.se/AM0101
2002-10-01,AM0108,"Konjunkturstatistik, löner för kommuner",,Juli 2002,Publikation,Statistiska centralbyrån,Medlingsinstitutet,https://www.scb.se/AM0108
2002-10-02,UF0502,Personalutbildningsstatistik,,2000-2002,Publikation,Statistiska centralbyrån,Statistiska centralbyrån,https://www.scb.se/UF0502
2002-10-03,FM0103,Finansräkenskaper kvartal och år,,2:a kvartalet 2002,Publikation,Statistiska centralbyrån,Finansinspektionen,https://www.scb.se/FM0103
2002-10-04,AM0301,Arbetskostnadsindex för arbetare och tjänstemän inom privat sektor,,Juli 2002,Publikation,Statistiska centralbyrån,Statistiska centralbyrån,https://www.scb.se/AM0301
2002-10-04,JO0205,Ekonomisk kalkyl för jordbrukssektorn,,1990-2001,Publikation,Statistiska centralbyrån,Statens jordbruksverk,https://www.scb.se/JO0205
2002-10-04,JO1101,Det yrkesmässiga fisket i havet,,Augusti 2002,Publikation,Statistiska centralbyrån,Havs- och vattenmyndigheten,https://www.scb.se/JO1101
2002-10-04,NV1701,Inkvarteringsstatistik,,2000-2002,Publikation,Statistiska centralbyrån,Tillväxtverket,https://www.scb.se/NV1701
2002-10-07,AM9999,Arbetsmarknad övrigt,,2002,Publikation,Statistiska centralbyrån,Statistiska centralbyrån,https://www.scb.se/AM9999
2002-10-10,HA0201,Utrikeshandel med varor,,Juli 2002,Publikation,Statistiska centralbyrån,Statistiska centralbyrån,https://www.scb.se/HA0201
2002-10-11,AM0118,Konjunkturlöner för privat och offentlig sektor,,Juli 2002,Publikation,Statistiska centralbyrån,Medlingsinstitutet,https://www.scb.se/AM0118
2002-10-11,EN0103,Energistatistik för lokaler,,2001,Publikation,Statistiska centralbyrån,Statens energimyndighet,https://www.scb.se/EN0103
2002-10-12,EN0105,"Årlig energistatistik (el, gas och fjärrvärme)",,2000,Publikation,Statistiska centralbyrån,Statens energimyndighet,https://www.scb.se/EN0105
2002-10-12,EN0201,Kvartalsvisa energibalanser,,2:a kvartalet 2001,Publikation,Statistiska centralbyrån,Statens energimyndighet,https://www.scb.se/EN0201
2002-10-15,JO0604,Animalieproduktion,,Augusti 2002,Publikation,Statistiska centralbyrån,Statens jordbruksverk,https://www.scb.se/JO0604
2002-10-15,JO1001,Prisindex och priser på livsmedelsområdet,,Augusti 2002,Publikation,Statistiska centralbyrån,Statens jordbruksverk,https://www.scb.se/JO1001
2002-10-15,PR0101,Konsumentprisindex,,2000-2002,Publikation,Statistiska centralbyrån,Statistiska centralbyrån,https://www.scb.se/PR0101
2002-10-18,JO0103,Lantbrukets djur i juni,,2002,Publikation,Statistiska centralbyrån,Statens jordbruksverk,https://www.scb.se/JO0103
2002-10-21,LE0101,Undersökningarna av levnadsförhållanden,,1990-1999,Publikation,Statistiska centralbyrån,Statistiska centralbyrån,https://www.scb.se/LE0101
2002-10-22,MI1301,Miljöräkenskaper,,2002,Publikation,Statistiska centralbyrån,Statistiska centralbyrån,https://www.scb.se/MI1301
2002-10-23,KU0102,Forskningsbiblioteksstatistik,,2001,Publikation,Statistiska centralbyrån,Kungliga biblioteket,https://www.scb.se/KU0102
2002-10-24,BO0406,Hyror i bostadslägenheter,,2002,Publikation,Statistiska centralbyrån,Statistiska centralbyrån,https://www.scb.se/BO0406
2002-10-25,AM0401,Arbetskraftsundersökningarna,,September 2002,Publikation,Statistiska centralbyrån,Statistiska centralbyrån,https://www.scb.se/AM0401
2002-10-25,EN0109,Oljeleveranser - kommunvis redovisning,,2001,Publikation,Statistiska centralbyrån,Statens energimyndighet,https://www.scb.se/EN0109
2002-10-25,HA0201,Utrikeshandel med varor,,September 2002,Publikation,Statistiska centralbyrån,Statistiska centralbyrån,https://www.scb.se/HA0201
2002-10-28,AM0102,"Konjunkturstatistik, löner för statlig sektor",,Augusti 2002,Publikation,Statistiska centralbyrån,Medlingsinstitutet,https://www.scb.se/AM0102
2002-10-28,BE0701,Demografisk analys,,2002,Publikation,Statistiska centralbyrån,Statistiska centralbyrån,https://www.scb.se/BE0701
2002-10-30,AM0101,"Konjunkturstatistik, löner för privat sektor",,Augusti 2002,Publikation,Statistiska centralbyrån,Medlingsinstitutet,https://www.scb.se/AM0101
2002-10-30,NV0113,Ekonomisk redogörelse för Svenska kyrkan,,2001,Publikation,Statistiska centralbyrån,Svenska kyrkan,https://www.scb.se/NV0113
2002-11-01,AM0108,"Konjunkturstatistik, löner för kommuner",,Augusti 2002,Publikation,Statistiska centralbyrån,Medlingsinstitutet,https://www.scb.se/AM0108
2002-11-01,AM0401,Arbetskraftsundersökningarna,,3:e kvartalet 2002,Publikation,Statistiska centralbyrån,Statistiska centralbyrån,https://www.scb.se/AM0401
2002-11-01,JO1101,Det yrkesmässiga fisket i havet,,September 2002,Publikation,Statistiska centralbyrån,Havs- och vattenmyndigheten,https://www.scb.se/JO1101
2002-11-01,MI1301,Miljöräkenskaper,,2002,Publikation,Statistiska centralbyrån,Statistiska centralbyrån,https://www.scb.se/MI1301
2002-11-07,BE9999,Befolkning övrigt,,2002,Publikation,Statistiska centralbyrån,Statistiska centralbyrån,https://www.scb.se/BE9999
2002-11-08,AM0118,Konjunkturlöner för privat och offentlig sektor,,Augusti 2002,Publikation,Statistiska centralbyrån,Medlingsinstitutet,https://www.scb.se/AM0118
2002-11-08,AM0301,Arbetskostnadsindex för arbetare och tjänstemän inom privat sektor,,Augusti 2002,Publikation,Statistiska centralbyrån,Statistiska centralbyrån,https://www.scb.se/AM0301
2002-11-08,NV1701,Inkvarteringsstatistik,,2000-2002,Publikation,Statistiska centralbyrån,Tillväxtverket,https://www.scb.se/NV1701
2002-11-11,HA0201,Utrikeshandel med varor,,Augusti 2002,Publikation,Statistiska centralbyrån,Statistiska centralbyrån,https://www.scb.se/HA0201
2002-11-11,UF0526,Svensk utbildning i internationell statistik,,2002,Publikation,Statistiska centralbyrån,Statistiska centralbyrån,https://www.scb.se/UF0526
2002-11-13,AM0201,Kortperiodisk sysselsättningsstatistik,,3:e kvartalet 2002,Publikation,Statistiska centralbyrån,Statistiska centralbyrån,https://www.scb.se/AM0201
2002-11-13,BO0303,Outhyrda bostadslägenheter i flerbostadshus,,2:a halvåret 2002,Publikation,Statistiska centralbyrån,Statistiska centralbyrån,https://www.scb.se/BO0303
2002-11-14,PR0101,Konsumentprisindex,,2000-2002,Publikation,Statistiska centralbyrån,Statistiska centralbyrån,https://www.scb.se/PR0101
2002-11-15,FM0403,"Investeringsfonder, tillgångar och skulder",,3:e kvartalet 2002,Publikation,Statistiska centralbyrån,Finansinspektionen,https://www.scb.se/FM0403
2002-11-15,JO0604,Animalieproduktion,,September 2002,Publikation,Statistiska centralbyrån,Statens jordbruksverk,https://www.scb.se/JO0604
2002-11-15,JO1001,Prisindex och priser på livsmedelsområdet,,September 2002,Publikation,Statistiska centralbyrån,Statens jordbruksverk,https://www.scb.se/JO1001
2002-11-19,AM0701,Konjunkturstatistik över vakanser,,3:e kvartalet 2002,Publikation,Statistiska centralbyrån,Statistiska centralbyrån,https://www.scb.se/AM0701
2002-11-19,EN0112,"Energistatistik för småhus, flerbostadshus och lokaler",,2001,Publikation,Statistiska centralbyrån,Statens energimyndighet,https://www.scb.se/EN0112
2002-11-19,JO0204,Jordbrukarhushållens inkomster,,1999,Publikation,Statistiska centralbyrån,Statens jordbruksverk,https://www.scb.se/JO0204
2002-11-19,JO0601,"Skörd av spannmål, trindsäd och oljeväxter",,2002,Publikation,Statistiska centralbyrån,Statens jordbruksverk,https://www.scb.se/JO0601
2002-11-19,JO0603,Skörd av potatis,,2002,Publikation,Statistiska centralbyrån,Statens jordbruksverk,https://www.scb.se/JO0603
2002-11-21,AM0206,"Lönesummor, arbetsgivaravgifter och preliminär A-skatt",,3:e kvartalet 2002,Publikation,Statistiska centralbyrån,Statistiska centralbyrån,https://www.scb.se/AM0206
2002-11-21,LE0108,Befolkningens it-användning,,2001,Publikation,Statistiska centralbyrån,Statistiska centralbyrån,https://www.scb.se/LE0108
2002-11-21,NV0116,It-användning i företag,,1995-2000,Publikation,Statistiska centralbyrån,Statistiska centralbyrån,https://www.scb.se/NV0116
2002-11-21,NV0116,It-användning i företag,,1999,Publikation,Statistiska centralbyrån,Statistiska centralbyrån,https://www.scb.se/NV0116
2002-11-21,NV0116,It-användning i företag,,1999-2000,Publikation,Statistiska centralbyrån,Statistiska centralbyrån,https://www.scb.se/NV0116
2002-11-21,NV0116,It-användning i företag,,2000-2001,Publikation,Statistiska centralbyrån,Statistiska centralbyrån,https://www.scb.se/NV0116
2002-11-21,NV0116,It-användning i företag,,2001,Publikation,Statistiska centralbyrån,Statistiska centralbyrån,https://www.scb.se/NV0116
2002-11-22,AM0401,Arbetskraftsundersökningarna,,Oktober 2002,Publikation,Statistiska centralbyrån,Statistiska centralbyrån,https://www.scb.se/AM0401
2002-11-22,EN0101,Energistatistik för flerbostadshus,,2001,Publikation,Statistiska centralbyrån,Statens energimyndighet,https://www.scb.se/EN0101
2002-11-22,NV0109,Företagens ekonomi,,1999-2000,Publikation,Statistiska centralbyrån,Statistiska centralbyrån,https://www.scb.se/NV0109
2002-11-22,NV0116,It-användning i företag,,2001,Publikation,Statistiska centralbyrån,Statistiska centralbyrån,https://www.scb.se/NV0116
2002-11-25,HA0201,Utrikeshandel med varor,,Oktober 2002,Publikation,Statistiska centralbyrån,Statistiska centralbyrån,https://www.scb.se/HA0201
2002-11-26,JO0110,Höstsådda arealer,,2002,Publikation,Statistiska centralbyrån,Statens jordbruksverk,https://www.scb.se/JO0110
2002-11-27,FM0501,Försäkringsföretagens kapitalplaceringar,,3:e kvartalet 2002,Publikation,Statistiska centralbyrån,Finansinspektionen,https://www.scb.se/FM0501
2002-11-27,HE0103,Hushållens ekonomi,,2000,Publikation,Statistiska centralbyrån,Statistiska centralbyrån,https://www.scb.se/HE0103
2002-11-28,AM0102,"Konjunkturstatistik, löner för statlig sektor",,September 2002,Publikation,Statistiska centralbyrån,Medlingsinstitutet,https://www.scb.se/AM0102
2002-11-28,UF0516,Sysselsättningsprognos,,2002,Publikation,Statistiska centralbyrån,Statistiska centralbyrån,https://www.scb.se/UF0516
2002-11-29,AM0101,"Konjunkturstatistik, löner för privat sektor",,September 2002,Publikation,Statistiska centralbyrån,Medlingsinstitutet,https://www.scb.se/AM0101
2002-11-29,UF0524,Utbildningsstatistisk årsbok,,2002,Publikation,Statistiska centralbyrån,Statistiska centralbyrån,https://www.scb.se/UF0524
2002-12-02,AM0108,"Konjunkturstatistik, löner för kommuner",,September 2002,Publikation,Statistiska centralbyrån,Medlingsinstitutet,https://www.scb.se/AM0108
2002-12-03,HA0103,Livsmedelsförsäljning fördelad på varugrupper,,2001,Publikation,Statistiska centralbyrån,Statistiska centralbyrån,https://www.scb.se/HA0103
2002-12-04,OV9999,"Övriga publikationer, ej statistik",,2002,Publikation,Statistiska centralbyrån,Statistiska centralbyrån,https://www.scb.se/OV9999
2002-12-04,UF0301,Forskning och utveckling i Sverige,,2001,Publikation,Statistiska centralbyrån,Statistiska centralbyrån,https://www.scb.se/UF0301
2002-12-04,UF0506,Befolkningens utbildning,,2000-2002,Publikation,Statistiska centralbyrån,Statistiska centralbyrån,https://www.scb.se/UF0506
2002-12-05,NR0103,"Nationalräkenskaper, kvartals- och årsberäkningar",,3:e kvartalet 2002,Publikation,Statistiska centralbyrån,Statistiska centralbyrån,https://www.scb.se/NR0103
2002-12-06,AM0118,Konjunkturlöner för privat och offentlig sektor,,September 2002,Publikation,Statistiska centralbyrån,Medlingsinstitutet,https://www.scb.se/AM0118
2002-12-06,AM0301,Arbetskostnadsindex för arbetare och tjänstemän inom privat sektor,,September 2002,Publikation,Statistiska centralbyrån,Statistiska centralbyrån,https://www.scb.se/AM0301
2002-12-06,JO0205,Ekonomisk kalkyl för jordbrukssektorn,,2001-2002,Publikation,Statistiska centralbyrån,Statens jordbruksverk,https://www.scb.se/JO0205
2002-12-06,NV1701,Inkvarteringsstatistik,,2000-2002,Publikation,Statistiska centralbyrån,Tillväxtverket,https://www.scb.se/NV1701
2002-12-07,JO0603,Skörd av potatis,,2001,Publikation,Statistiska centralbyrån,Statens jordbruksverk,https://www.scb.se/JO0603
2002-12-09,BE0101,Befolkningsstatistik,,2001,Publikation,Statistiska centralbyrån,Statistiska centralbyrån,https://www.scb.se/BE0101
2002-12-09,JO1101,Det yrkesmässiga fisket i havet,,Oktober 2002,Publikation,Statistiska centralbyrån,Havs- och vattenmyndigheten,https://www.scb.se/JO1101
2002-12-09,LE0001,"Välfärd - SCB:s tidskrift om arbetsliv, demografi och välfärd",,4:e kvartalet 2002,Publikation,Statistiska centralbyrån,Statistiska centralbyrån,https://www.scb.se/LE0001
2002-12-10,AM0110,"Lönestrukturstatistik, hela ekonomin",,2001,Publikation,Statistiska centralbyrån,Medlingsinstitutet,https://www.scb.se/AM0110
2002-12-10,HA0201,Utrikeshandel med varor,,September 2002,Publikation,Statistiska centralbyrån,Statistiska centralbyrån,https://www.scb.se/HA0201
2002-12-10,JO0603,Skörd av potatis,,2002,Publikation,Statistiska centralbyrån,Statens jordbruksverk,https://www.scb.se/JO0603
2002-12-10,UF0206,Sökande och antagna till högskoleutbildning på grundnivå och avancerad nivå,,2000-2002,Publikation,Statistiska centralbyrån,Universitetskanslersämbetet,https://www.scb.se/UF0206
2002-12-11,FM0102,"Finansräkenskaper, år",,1996-2001,Publikation,Statistiska centralbyrån,Finansinspektionen,https://www.scb.se/FM0102
2002-12-11,ME0201,Partisympatiundersökningen,,2:a halvåret 2002,Publikation,Statistiska centralbyrån,Statistiska centralbyrån,https://www.scb.se/ME0201
2002-12-12,BO0501,Fastighetspriser och lagfarter,,3:e kvartalet 2002,Publikation,Statistiska centralbyrån,Statistiska centralbyrån,https://www.scb.se/BO0501
2002-12-12,UF0505,Arbetskraftsbarometern,,2002,Publikation,Statistiska centralbyrån,Statistiska centralbyrån,https://www.scb.se/UF0505
2002-12-13,HA0201,Utrikeshandel med varor,,3:e kvartalet 2002,Publikation,Statistiska centralbyrån,Statistiska centralbyrån,https://www.scb.se/HA0201
2002-12-13,JO0601,"Skörd av spannmål, trindsäd och oljeväxter",,2002,Publikation,Statistiska centralbyrån,Statens jordbruksverk,https://www.scb.se/JO0601
2002-12-13,OE0108,Offentligt ägda företag,,2001,Publikation,Statistiska centralbyrån,Statistiska centralbyrån,https://www.scb.se/OE0108
2002-12-16,BO0601,Fastighetstaxeringar,,2002,Publikation,Statistiska centralbyrån,Statistiska centralbyrån,https://www.scb.se/BO0601
2002-12-16,JO0604,Animalieproduktion,,Oktober 2002,Publikation,Statistiska centralbyrån,Statens jordbruksverk,https://www.scb.se/JO0604
2002-12-16,JO1001,Prisindex och priser på livsmedelsområdet,,Oktober 2002,Publikation,Statistiska centralbyrån,Statens jordbruksverk,https://www.scb.se/JO1001
2002-12-17,ME0201,Partisympatiundersökningen,,2:a halvåret 2002,Publikation,Statistiska centralbyrån,Statistiska centralbyrån,https://www.scb.se/ME0201
2002-12-17,UF0212,Högskolenybörjare och doktorandnybörjare efter föräldrarnas utbildningsnivå,,Läsår 2013/14,Publikation,Statistiska centralbyrån,Universitetskanslersämbetet,https://www.scb.se/UF0212
2002-12-18,OE0903,Årsbok för offentlig ekonomi,,2001,Publikation,Statistiska centralbyrån,Statistiska centralbyrån,https://www.scb.se/OE0903
2002-12-19,AM9999,Arbetsmarknad övrigt,,2002,Publikation,Statistiska centralbyrån,Statistiska centralbyrån,https://www.scb.se/AM9999
2002-12-19,ME0104,"Allmänna val, valresultat",,2002,Publikation,Statistiska centralbyrån,Statistiska centralbyrån,https://www.scb.se/ME0104
2002-12-19,UF0512,Inträdet på arbetsmarknaden,,2000-2002,Publikation,Statistiska centralbyrån,Statistiska centralbyrån,https://www.scb.se/UF0512
2002-12-19,UF0514,Kostnader för utbildningsväsendet,,1997-2001,Publikation,Statistiska centralbyrån,Statistiska centralbyrån,https://www.scb.se/UF0514
2002-12-20,AM0102,"Konjunkturstatistik, löner för statlig sektor",,Oktober 2002,Publikation,Statistiska centralbyrån,Medlingsinstitutet,https://www.scb.se/AM0102
2002-12-20,AM0401,Arbetskraftsundersökningarna,,November 2002,Publikation,Statistiska centralbyrån,Statistiska centralbyrån,https://www.scb.se/AM0401
2002-12-20,EN0106,Kvartalsvis bränslestatistik,,3:e kvartalet 2002,Publikation,Statistiska centralbyrån,Statens energimyndighet,https://www.scb.se/EN0106
2002-12-20,EN0201,Kvartalsvisa energibalanser,,3:e kvartalet 2002,Publikation,Statistiska centralbyrån,Statens energimyndighet,https://www.scb.se/EN0201
2002-12-20,NV0109,Företagens ekonomi,,1999-2000,Publikation,Statistiska centralbyrån,Statistiska centralbyrån,https://www.scb.se/NV0109
2002-12-20,NV0119,Industrins varuproduktion,,2001,Publikation,Statistiska centralbyrån,Statistiska centralbyrån,https://www.scb.se/NV0119
2002-12-20,OV9999,"Övriga publikationer, ej statistik",,1995-2001,Publikation,Statistiska centralbyrån,Statistiska centralbyrån,https://www.scb.se/OV9999
2002-12-20,OV9999,"Övriga publikationer, ej statistik",,2002,Publikation | Publikation,Statistiska centralbyrån,Statistiska centralbyrån,https://www.scb.se/OV9999
2002-12-20,PR0101,Konsumentprisindex,,2000-2002,Publikation,Statistiska centralbyrån,Statistiska centralbyrån,https://www.scb.se/PR0101
2002-12-27,HA0201,Utrikeshandel med varor,,November 2002,Publikation,Statistiska centralbyrån,Statistiska centralbyrån,https://www.scb.se/HA0201
2002-12-30,OV9999,"Övriga publikationer, ej statistik",,2001,Publikation,Statistiska centralbyrån,Statistiska centralbyrån,https://www.scb.se/OV9999
